{"level":"info","message":"🚀 Server running on port 5000","timestamp":"2026-09-08T06:19:57.200Z"}
{"level":"info","message":"📡 Environment: development","timestamp":"2026-09-08T06:19:57.204Z"}
{"level":"info","message":"✅ MongoDB Connected: localhost","timestamp":"2026-09-08T06:19:57.218Z"}
{"level":"info","message":"🚀 Server running on port 5000","timestamp":"2026-09-08T06:20:53.506Z"}
{"level":"info","message":"📡 Environment: development","timestamp":"2026-09-08T06:20:53.510Z"}
{"level":"info","message":"✅ MongoDB Connected: localhost","timestamp":"2026-09-08T06:20:53.533Z"}
{"level":"info","message":"🚀 Server running on port 5000","timestamp":"2026-09-08T06:20:58.101Z"}
{"level":"info","message":"📡 Environment: development","timestamp":"2026-09-08T06:20:58.104Z"}
{"level":"info","message":"✅ MongoDB Connected: localhost","timestamp":"2026-09-08T06:20:58.122Z"}
{"level":"info","message":"🚀 Server running on port 5000","timestamp":"2026-09-08T06:21:00.785Z"}
{"level":"info","message":"📡 Environment: development","timestamp":"2026-09-08T06:21:00.789Z"}
{"level":"info","message":"✅ MongoDB Connected: localhost","timestamp":"2026-09-08T06:21:00.810Z"}
{"level":"info","message":"🚀 Server running on port 5000","timestamp":"2026-09-08T06:21:03.340Z"}
{"level":"info","message":"📡 Environment: development","timestamp":"2026-09-08T06:21:03.344Z"}
{"level":"info","message":"✅ MongoDB Connected: localhost","timestamp":"2026-09-08T06:21:03.369Z"}
{"level":"info","message":"🚀 Server running on port 5000","timestamp":"2026-09-08T06:21:05.865Z"}
{"level":"info","message":"📡 Environment: development","timestamp":"2026-09-08T06:21:05.868Z"}
{"level":"info","message":"✅ MongoDB Connected: localhost","timestamp":"2026-09-08T06:21:05.891Z"}
{"level":"info","message":"🚀 Server running on port 5000","timestamp":"2026-09-08T06:21:08.531Z"}
{"level":"info","message":"📡 Environment: development","timestamp":"2026-09-08T06:21:08.535Z"}
{"level":"info","message":"✅ MongoDB Connected: localhost","timestamp":"2026-09-08T06:21:08.564Z"}
{"level":"info","message":"🚀 Server running on port 5000","timestamp":"2026-09-08T06:21:11.722Z"}
{"level":"info","message":"📡 Environment: development","timestamp":"2026-09-08T06:21:11.726Z"}
{"level":"info","message":"✅ MongoDB Connected: localhost","timestamp":"2026-09-08T06:21:11.757Z"}
{"level":"info","message":"🚀 Server running on port 5000","timestamp":"2026-09-08T06:21:13.979Z"}
{"level":"info","message":"📡 Environment: development","timestamp":"2026-09-08T06:21:13.982Z"}
{"level":"info","message":"✅ MongoDB Connected: localhost","timestamp":"2026-09-08T06:21:13.999Z"}
{"level":"info","message":"🚀 Server running on port 5000","timestamp":"2026-09-08T06:21:16.187Z"}
{"level":"info","message":"📡 Environment: development","timestamp":"2026-09-08T06:21:16.191Z"}
{"level":"info","message":"✅ MongoDB Connected: localhost","timestamp":"2026-09-08T06:21:16.207Z"}
{"level":"info","message":"🚀 Server running on port 5000","timestamp":"2026-09-08T06:50:38.367Z"}
{"level":"info","message":"📡 Environment: development","timestamp":"2026-09-08T06:50:38.370Z"}
{"level":"info","message":"✅ MongoDB Connected: ac-wofqtyj-shard-00-00.9f1a3ua.mongodb.net","timestamp":"2026-09-08T06:50:39.035Z"}
{"level":"info","message":"🚀 Server running on port 5000","timestamp":"2026-09-08T06:58:57.379Z"}
{"level":"info","message":"📡 Environment: development","timestamp":"2026-09-08T06:58:57.382Z"}
{"level":"info","message":"✅ MongoDB Connected: ac-wofqtyj-shard-00-00.9f1a3ua.mongodb.net","timestamp":"2026-09-08T06:58:58.096Z"}
{"level":"info","message":"🚀 Server running on port 5000","timestamp":"2026-09-08T07:05:25.183Z"}
{"level":"info","message":"📡 Environment: development","timestamp":"2026-09-08T07:05:25.187Z"}
{"level":"info","message":"✅ MongoDB Connected: ac-wofqtyj-shard-00-00.9f1a3ua.mongodb.net","timestamp":"2026-09-08T07:05:25.675Z"}
{"level":"info","message":"🚀 Server running on port 5000","timestamp":"2026-09-08T07:13:09.000Z"}
{"level":"info","message":"📡 Environment: development","timestamp":"2026-09-08T07:13:09.004Z"}
{"level":"info","message":"✅ MongoDB Connected: ac-wofqtyj-shard-00-00.9f1a3ua.mongodb.net","timestamp":"2026-09-08T07:13:09.498Z"}
{"level":"error","message":"Create customer error: Customer validation failed: area: Cast to ObjectId failed for value \"Gulshan Block 1\" (type string) at path \"area\" because of \"BSONError\", package: Cast to ObjectId failed for value \"Basic\" (type string) at path \"package\" because of \"BSONError\"","timestamp":"2026-09-08T07:27:43.837Z"}
{"level":"error","message":"Create customer error: Customer validation failed: area: Cast to ObjectId failed for value \"Gulshan Block 1\" (type string) at path \"area\" because of \"BSONError\", package: Cast to ObjectId failed for value \"Basic\" (type string) at path \"package\" because of \"BSONError\"","timestamp":"2026-09-08T07:27:45.167Z"}
{"level":"error","message":"Create customer error: Customer validation failed: area: Cast to ObjectId failed for value \"Gulshan Block 1\" (type string) at path \"area\" because of \"BSONError\", package: Cast to ObjectId failed for value \"Basic\" (type string) at path \"package\" because of \"BSONError\"","timestamp":"2026-09-08T07:27:46.285Z"}
{"level":"error","message":"Create customer error: Customer validation failed: area: Cast to ObjectId failed for value \"Gulshan Block 1\" (type string) at path \"area\" because of \"BSONError\", package: Cast to ObjectId failed for value \"Basic\" (type string) at path \"package\" because of \"BSONError\"","timestamp":"2026-09-08T07:30:55.248Z"}
{"level":"error","message":"Create customer error: Customer validation failed: area: Cast to ObjectId failed for value \"Gulshan Block 1\" (type string) at path \"area\" because of \"BSONError\", package: Cast to ObjectId failed for value \"Basic\" (type string) at path \"package\" because of \"BSONError\"","timestamp":"2026-09-08T07:30:56.541Z"}
{"level":"error","message":"Create customer error: Customer validation failed: area: Cast to ObjectId failed for value \"Gulshan Block 1\" (type string) at path \"area\" because of \"BSONError\", package: Cast to ObjectId failed for value \"Basic\" (type string) at path \"package\" because of \"BSONError\"","timestamp":"2026-09-08T07:31:40.250Z"}
{"level":"error","message":"Create customer error: Customer validation failed: area: Cast to ObjectId failed for value \"Gulshan Block 1\" (type string) at path \"area\" because of \"BSONError\", package: Cast to ObjectId failed for value \"Basic\" (type string) at path \"package\" because of \"BSONError\"","timestamp":"2026-09-08T07:34:11.651Z"}
{"level":"info","message":"🚀 Server running on port 5000","timestamp":"2026-09-08T07:35:48.969Z"}
{"level":"info","message":"📡 Environment: development","timestamp":"2026-09-08T07:35:48.973Z"}
{"level":"info","message":"✅ MongoDB Connected: ac-wofqtyj-shard-00-00.9f1a3ua.mongodb.net","timestamp":"2026-09-08T07:35:49.568Z"}
{"level":"info","message":"🚀 Server running on port 5000","timestamp":"2026-09-08T07:37:12.463Z"}
{"level":"info","message":"📡 Environment: development","timestamp":"2026-09-08T07:37:12.467Z"}
{"level":"info","message":"✅ MongoDB Connected: ac-wofqtyj-shard-00-00.9f1a3ua.mongodb.net","timestamp":"2026-09-08T07:37:13.014Z"}
{"level":"info","message":"🚀 Server running on port 5000","timestamp":"2026-09-08T07:37:29.579Z"}
{"level":"info","message":"📡 Environment: development","timestamp":"2026-09-08T07:37:29.583Z"}
{"level":"info","message":"✅ MongoDB Connected: ac-wofqtyj-shard-00-00.9f1a3ua.mongodb.net","timestamp":"2026-09-08T07:37:30.053Z"}
{"level":"info","message":"🚀 Server running on port 5000","timestamp":"2026-09-08T07:37:49.521Z"}
{"level":"info","message":"📡 Environment: development","timestamp":"2026-09-08T07:37:49.525Z"}
{"level":"info","message":"✅ MongoDB Connected: ac-wofqtyj-shard-00-00.9f1a3ua.mongodb.net","timestamp":"2026-09-08T07:37:50.005Z"}
{"level":"info","message":"🚀 Server running on port 5000","timestamp":"2026-09-08T07:40:14.844Z"}
{"level":"info","message":"📡 Environment: development","timestamp":"2026-09-08T07:40:14.849Z"}
{"level":"info","message":"✅ MongoDB Connected: ac-wofqtyj-shard-00-00.9f1a3ua.mongodb.net","timestamp":"2026-09-08T07:40:15.479Z"}
{"level":"info","message":"🚀 Server running on port 5000","timestamp":"2026-09-08T07:41:16.012Z"}
{"level":"info","message":"📡 Environment: development","timestamp":"2026-09-08T07:41:16.017Z"}
{"level":"info","message":"✅ MongoDB Connected: ac-wofqtyj-shard-00-00.9f1a3ua.mongodb.net","timestamp":"2026-09-08T07:41:16.562Z"}
{"level":"error","message":"Create payment error: Payment validation failed: customer: Path `customer` is required., paymentMethod: Path `paymentMethod` is required.","timestamp":"2026-09-08T07:45:14.633Z"}
{"level":"info","message":"🚀 Server running on port 5000","timestamp":"2026-09-08T07:46:42.303Z"}
{"level":"info","message":"📡 Environment: development","timestamp":"2026-09-08T07:46:42.307Z"}
{"level":"info","message":"✅ MongoDB Connected: ac-wofqtyj-shard-00-00.9f1a3ua.mongodb.net","timestamp":"2026-09-08T07:46:42.891Z"}
{"level":"info","message":"🚀 Server running on port 5000","timestamp":"2026-09-08T07:46:44.878Z"}
{"level":"info","message":"📡 Environment: development","timestamp":"2026-09-08T07:46:44.883Z"}
{"level":"info","message":"🚀 Server running on port 5000","timestamp":"2026-09-08T07:46:45.955Z"}
{"level":"info","message":"📡 Environment: development","timestamp":"2026-09-08T07:46:45.962Z"}
{"level":"info","message":"✅ MongoDB Connected: ac-wofqtyj-shard-00-00.9f1a3ua.mongodb.net","timestamp":"2026-09-08T07:46:46.448Z"}
{"level":"info","message":"🚀 Server running on port 5000","timestamp":"2026-09-08T07:47:00.385Z"}
{"level":"info","message":"📡 Environment: development","timestamp":"2026-09-08T07:47:00.389Z"}
{"level":"info","message":"✅ MongoDB Connected: ac-wofqtyj-shard-00-00.9f1a3ua.mongodb.net","timestamp":"2026-09-08T07:47:00.875Z"}
{"level":"info","message":"🚀 Server running on port 5000","timestamp":"2026-09-08T07:47:22.911Z"}
{"level":"info","message":"📡 Environment: development","timestamp":"2026-09-08T07:47:22.914Z"}
{"level":"info","message":"✅ MongoDB Connected: ac-wofqtyj-shard-00-00.9f1a3ua.mongodb.net","timestamp":"2026-09-08T07:47:23.498Z"}
{"level":"info","message":"🚀 Server running on port 5000","timestamp":"2026-09-08T07:50:04.795Z"}
{"level":"info","message":"📡 Environment: development","timestamp":"2026-09-08T07:50:04.798Z"}
{"level":"info","message":"✅ MongoDB Connected: ac-wofqtyj-shard-00-00.9f1a3ua.mongodb.net","timestamp":"2026-09-08T07:50:05.454Z"}
{"level":"info","message":"🚀 Server running on port 5000","timestamp":"2026-09-08T07:58:40.174Z"}
{"level":"info","message":"📡 Environment: development","timestamp":"2026-09-08T07:58:40.178Z"}
{"level":"info","message":"✅ MongoDB Connected: ac-wofqtyj-shard-00-00.9f1a3ua.mongodb.net","timestamp":"2026-09-08T07:58:40.843Z"}
{"level":"info","message":"🚀 Server running on port 5000","timestamp":"2026-09-08T07:59:37.966Z"}
{"level":"info","message":"📡 Environment: development","timestamp":"2026-09-08T07:59:37.970Z"}
{"level":"info","message":"✅ MongoDB Connected: ac-wofqtyj-shard-00-00.9f1a3ua.mongodb.net","timestamp":"2026-09-08T07:59:38.465Z"}
{"level":"info","message":"🚀 Server running on port 5000","timestamp":"2026-09-08T08:00:14.126Z"}
{"level":"info","message":"📡 Environment: development","timestamp":"2026-09-08T08:00:14.129Z"}
{"level":"info","message":"✅ MongoDB Connected: ac-wofqtyj-shard-00-00.9f1a3ua.mongodb.net","timestamp":"2026-09-08T08:00:14.612Z"}
{"level":"info","message":"🚀 Server running on port 5000","timestamp":"2026-09-08T08:03:58.551Z"}
{"level":"info","message":"📡 Environment: development","timestamp":"2026-09-08T08:03:58.554Z"}
{"level":"info","message":"✅ MongoDB Connected: ac-wofqtyj-shard-00-00.9f1a3ua.mongodb.net","timestamp":"2026-09-08T08:03:59.163Z"}
{"level":"info","message":"🚀 Server running on port 5000","timestamp":"2026-09-08T08:04:10.800Z"}
{"level":"info","message":"📡 Environment: development","timestamp":"2026-09-08T08:04:10.803Z"}
{"level":"info","message":"✅ MongoDB Connected: ac-wofqtyj-shard-00-00.9f1a3ua.mongodb.net","timestamp":"2026-09-08T08:04:11.289Z"}
{"level":"info","message":"🚀 Server running on port 5000","timestamp":"2026-09-08T08:04:20.190Z"}
{"level":"info","message":"📡 Environment: development","timestamp":"2026-09-08T08:04:20.193Z"}
{"level":"info","message":"✅ MongoDB Connected: ac-wofqtyj-shard-00-00.9f1a3ua.mongodb.net","timestamp":"2026-09-08T08:04:20.673Z"}
{"level":"info","message":"🚀 Server running on port 5000","timestamp":"2026-09-08T08:07:13.374Z"}
{"level":"info","message":"📡 Environment: development","timestamp":"2026-09-08T08:07:13.381Z"}
{"level":"info","message":"✅ MongoDB Connected: ac-wofqtyj-shard-00-00.9f1a3ua.mongodb.net","timestamp":"2026-09-08T08:07:13.988Z"}
{"level":"error","message":"Create package error: E11000 duplicate key error collection: cable_db.packages index: name_1 dup key: { name: \"STANDARD\" }","timestamp":"2026-09-08T08:07:29.632Z"}
{"level":"info","message":"🚀 Server running on port 5000","timestamp":"2026-09-08T08:18:56.977Z"}
{"level":"info","message":"📡 Environment: development","timestamp":"2026-09-08T08:18:56.980Z"}
{"level":"info","message":"✅ MongoDB Connected: ac-wofqtyj-shard-00-00.9f1a3ua.mongodb.net","timestamp":"2026-09-08T08:18:57.656Z"}
{"level":"info","message":"🚀 Server running on port 5000","timestamp":"2026-09-08T08:19:07.228Z"}
{"level":"info","message":"📡 Environment: development","timestamp":"2026-09-08T08:19:07.232Z"}
{"level":"info","message":"✅ MongoDB Connected: ac-wofqtyj-shard-00-00.9f1a3ua.mongodb.net","timestamp":"2026-09-08T08:19:07.721Z"}
{"level":"info","message":"🚀 Server running on port 5000","timestamp":"2026-09-08T08:24:17.380Z"}
{"level":"info","message":"📡 Environment: development","timestamp":"2026-09-08T08:24:17.384Z"}
{"level":"info","message":"✅ MongoDB Connected: ac-wofqtyj-shard-00-00.9f1a3ua.mongodb.net","timestamp":"2026-09-08T08:24:18.057Z"}
{"level":"info","message":"🚀 Server running on port 5000","timestamp":"2026-09-08T08:24:28.963Z"}
{"level":"info","message":"📡 Environment: development","timestamp":"2026-09-08T08:24:28.966Z"}
{"level":"info","message":"✅ MongoDB Connected: ac-wofqtyj-shard-00-00.9f1a3ua.mongodb.net","timestamp":"2026-09-08T08:24:29.486Z"}
{"level":"info","message":"🚀 Server running on port 5000","timestamp":"2026-09-08T08:34:37.624Z"}
{"level":"info","message":"📡 Environment: development","timestamp":"2026-09-08T08:34:37.627Z"}
{"level":"info","message":"✅ MongoDB Connected: ac-wofqtyj-shard-00-00.9f1a3ua.mongodb.net","timestamp":"2026-09-08T08:34:38.313Z"}
{"level":"info","message":"🚀 Server running on port 5000","timestamp":"2026-09-08T08:36:29.517Z"}
{"level":"info","message":"📡 Environment: development","timestamp":"2026-09-08T08:36:29.520Z"}
{"level":"info","message":"✅ MongoDB Connected: ac-wofqtyj-shard-00-00.9f1a3ua.mongodb.net","timestamp":"2026-09-08T08:36:30.131Z"}
{"level":"info","message":"🚀 Server running on port 5000","timestamp":"2026-09-08T08:36:47.318Z"}
{"level":"info","message":"📡 Environment: development","timestamp":"2026-09-08T08:36:47.321Z"}
{"level":"info","message":"✅ MongoDB Connected: ac-wofqtyj-shard-00-00.9f1a3ua.mongodb.net","timestamp":"2026-09-08T08:36:47.820Z"}
{"level":"info","message":"🚀 Server running on port 5000","timestamp":"2026-09-08T08:41:11.933Z"}
{"level":"info","message":"📡 Environment: development","timestamp":"2026-09-08T08:41:11.938Z"}
{"level":"info","message":"🚀 Server running on port 5000","timestamp":"2026-09-08T08:41:16.338Z"}
{"level":"info","message":"📡 Environment: development","timestamp":"2026-09-08T08:41:16.342Z"}
{"level":"warn","message":"⚠️ MongoDB disconnected, attempting to reconnect...","timestamp":"2026-09-08T08:41:21.341Z"}
{"level":"info","message":"🚀 Server running on port 5000","timestamp":"2026-09-08T08:43:39.825Z"}
{"level":"info","message":"📡 Environment: development","timestamp":"2026-09-08T08:43:39.831Z"}
{"level":"info","message":"✅ MongoDB Connected: ac-wofqtyj-shard-00-00.9f1a3ua.mongodb.net","timestamp":"2026-09-08T08:43:40.382Z"}
{"level":"info","message":"🚀 Server running on port 5000","timestamp":"2026-09-08T08:43:56.332Z"}
{"level":"info","message":"📡 Environment: development","timestamp":"2026-09-08T08:43:56.336Z"}
{"level":"info","message":"✅ MongoDB Connected: ac-wofqtyj-shard-00-00.9f1a3ua.mongodb.net","timestamp":"2026-09-08T08:43:56.835Z"}
{"level":"info","message":"🚀 Server running on port 5000","timestamp":"2026-09-08T08:46:33.387Z"}
{"level":"info","message":"📡 Environment: development","timestamp":"2026-09-08T08:46:33.391Z"}
{"level":"info","message":"✅ MongoDB Connected: ac-wofqtyj-shard-00-00.9f1a3ua.mongodb.net","timestamp":"2026-09-08T08:46:34.014Z"}
{"level":"info","message":"🚀 Server running on port 5000","timestamp":"2026-09-08T08:46:46.937Z"}
{"level":"info","message":"📡 Environment: development","timestamp":"2026-09-08T08:46:46.940Z"}
{"level":"info","message":"✅ MongoDB Connected: ac-wofqtyj-shard-00-00.9f1a3ua.mongodb.net","timestamp":"2026-09-08T08:46:47.424Z"}
{"level":"info","message":"🚀 Server running on port 5000","timestamp":"2026-09-08T08:46:58.383Z"}
{"level":"info","message":"📡 Environment: development","timestamp":"2026-09-08T08:46:58.387Z"}
{"level":"info","message":"✅ MongoDB Connected: ac-wofqtyj-shard-00-00.9f1a3ua.mongodb.net","timestamp":"2026-09-08T08:46:58.887Z"}
{"level":"info","message":"🚀 Server running on port 5000","timestamp":"2026-09-08T08:55:40.885Z"}
{"level":"info","message":"📡 Environment: development","timestamp":"2026-09-08T08:55:40.888Z"}
{"level":"info","message":"✅ MongoDB Connected: ac-wofqtyj-shard-00-00.9f1a3ua.mongodb.net","timestamp":"2026-09-08T08:55:41.422Z"}
{"level":"info","message":"🚀 Server running on port 5000","timestamp":"2026-09-08T08:55:57.661Z"}
{"level":"info","message":"📡 Environment: development","timestamp":"2026-09-08T08:55:57.664Z"}
{"level":"info","message":"✅ MongoDB Connected: ac-wofqtyj-shard-00-00.9f1a3ua.mongodb.net","timestamp":"2026-09-08T08:55:58.148Z"}
{"level":"info","message":"🚀 Server running on port 5000","timestamp":"2026-09-08T09:00:04.958Z"}
{"level":"info","message":"📡 Environment: development","timestamp":"2026-09-08T09:00:04.962Z"}
{"level":"info","message":"✅ MongoDB Connected: ac-wofqtyj-shard-00-00.9f1a3ua.mongodb.net","timestamp":"2026-09-08T09:00:05.601Z"}
{"level":"info","message":"🚀 Server running on port 5000","timestamp":"2026-09-08T09:00:18.856Z"}
{"level":"info","message":"📡 Environment: development","timestamp":"2026-09-08T09:00:18.860Z"}
{"level":"info","message":"✅ MongoDB Connected: ac-wofqtyj-shard-00-00.9f1a3ua.mongodb.net","timestamp":"2026-09-08T09:00:19.346Z"}
{"level":"info","message":"🚀 Server running on port 5000","timestamp":"2026-09-08T09:02:43.890Z"}
{"level":"info","message":"📡 Environment: development","timestamp":"2026-09-08T09:02:43.894Z"}
{"level":"info","message":"✅ MongoDB Connected: ac-wofqtyj-shard-00-00.9f1a3ua.mongodb.net","timestamp":"2026-09-08T09:02:44.450Z"}
{"level":"info","message":"🚀 Server running on port 5000","timestamp":"2026-09-08T09:06:36.234Z"}
{"level":"info","message":"📡 Environment: development","timestamp":"2026-09-08T09:06:36.237Z"}
{"level":"info","message":"✅ MongoDB Connected: ac-wofqtyj-shard-00-00.9f1a3ua.mongodb.net","timestamp":"2026-09-08T09:06:36.755Z"}
{"level":"info","message":"🚀 Server running on port 5000","timestamp":"2026-09-08T09:07:57.220Z"}
{"level":"info","message":"📡 Environment: development","timestamp":"2026-09-08T09:07:57.227Z"}
{"level":"info","message":"✅ MongoDB Connected: ac-wofqtyj-shard-00-00.9f1a3ua.mongodb.net","timestamp":"2026-09-08T09:07:57.739Z"}
{"level":"info","message":"🚀 Server running on port 5000","timestamp":"2026-09-08T09:14:29.645Z"}
{"level":"info","message":"📡 Environment: development","timestamp":"2026-09-08T09:14:29.648Z"}
{"level":"info","message":"✅ MongoDB Connected: ac-wofqtyj-shard-00-00.9f1a3ua.mongodb.net","timestamp":"2026-09-08T09:14:30.199Z"}
{"level":"info","message":"🚀 Server running on port 5000","timestamp":"2026-09-08T09:16:49.531Z"}
{"level":"info","message":"📡 Environment: development","timestamp":"2026-09-08T09:16:49.534Z"}
{"level":"info","message":"✅ MongoDB Connected: ac-wofqtyj-shard-00-00.9f1a3ua.mongodb.net","timestamp":"2026-09-08T09:16:50.091Z"}
{"level":"info","message":"🚀 Server running on port 5000","timestamp":"2026-09-08T09:16:58.540Z"}
{"level":"info","message":"📡 Environment: development","timestamp":"2026-09-08T09:16:58.545Z"}
{"level":"info","message":"✅ MongoDB Connected: ac-wofqtyj-shard-00-00.9f1a3ua.mongodb.net","timestamp":"2026-09-08T09:16:59.040Z"}
{"level":"info","message":"🚀 Server running on port 5000","timestamp":"2026-09-08T09:36:55.533Z"}
{"level":"info","message":"📡 Environment: development","timestamp":"2026-09-08T09:36:55.536Z"}
{"level":"info","message":"✅ MongoDB Connected: ac-wofqtyj-shard-00-00.9f1a3ua.mongodb.net","timestamp":"2026-09-08T09:36:56.508Z"}
{"level":"error","message":"Create installation charge error: Cannot read properties of undefined (reading 'id')","timestamp":"2026-09-08T09:37:14.331Z"}
{"level":"info","message":"🚀 Server running on port 5000","timestamp":"2026-09-08T09:37:36.897Z"}
{"level":"info","message":"📡 Environment: development","timestamp":"2026-09-08T09:37:36.903Z"}
{"level":"info","message":"✅ MongoDB Connected: ac-wofqtyj-shard-00-00.9f1a3ua.mongodb.net","timestamp":"2026-09-08T09:37:37.394Z"}
{"level":"info","message":"🚀 Server running on port 5000","timestamp":"2026-09-08T09:37:52.874Z"}
{"level":"info","message":"📡 Environment: development","timestamp":"2026-09-08T09:37:52.877Z"}
{"level":"info","message":"✅ MongoDB Connected: ac-wofqtyj-shard-00-00.9f1a3ua.mongodb.net","timestamp":"2026-09-08T09:37:53.364Z"}
{"level":"info","message":"🚀 Server running on port 5000","timestamp":"2026-09-08T09:38:06.439Z"}
{"level":"info","message":"📡 Environment: development","timestamp":"2026-09-08T09:38:06.442Z"}
{"level":"info","message":"✅ MongoDB Connected: ac-wofqtyj-shard-00-00.9f1a3ua.mongodb.net","timestamp":"2026-09-08T09:38:06.943Z"}
{"level":"info","message":"✅ MongoDB reconnected","timestamp":"2026-09-08T10:07:42.599Z"}
{"level":"info","message":"✅ MongoDB reconnected","timestamp":"2026-09-08T10:07:42.602Z"}
{"level":"warn","message":"⚠️ MongoDB disconnected, attempting to reconnect...","timestamp":"2026-09-08T10:07:52.922Z"}
{"level":"info","message":"✅ MongoDB reconnected","timestamp":"2026-09-08T10:07:52.996Z"}
{"level":"info","message":"🚀 Server running on port 5000","timestamp":"2026-09-09T05:44:22.546Z"}
{"level":"info","message":"📡 Environment: development","timestamp":"2026-09-09T05:44:22.553Z"}
{"level":"info","message":"✅ MongoDB Connected: ac-wofqtyj-shard-00-00.9f1a3ua.mongodb.net","timestamp":"2026-09-09T05:44:23.327Z"}
{"level":"info","message":"🚀 Server running on port 5000","timestamp":"2026-09-09T06:14:31.126Z"}
{"level":"info","message":"📡 Environment: development","timestamp":"2026-09-09T06:14:31.130Z"}
{"level":"info","message":"✅ MongoDB Connected: ac-wofqtyj-shard-00-00.9f1a3ua.mongodb.net","timestamp":"2026-09-09T06:14:31.882Z"}
{"level":"info","message":"🚀 Server running on port 5000","timestamp":"2026-09-09T06:22:31.778Z"}
{"level":"info","message":"📡 Environment: development","timestamp":"2026-09-09T06:22:31.786Z"}
{"level":"info","message":"✅ MongoDB Connected: ac-wofqtyj-shard-00-00.9f1a3ua.mongodb.net","timestamp":"2026-09-09T06:22:32.376Z"}
{"level":"info","message":"🚀 Server running on port 5000","timestamp":"2026-09-09T06:27:45.972Z"}
{"level":"info","message":"📡 Environment: development","timestamp":"2026-09-09T06:27:45.978Z"}
{"level":"info","message":"✅ MongoDB Connected: ac-wofqtyj-shard-00-00.9f1a3ua.mongodb.net","timestamp":"2026-09-09T06:27:46.571Z"}
{"level":"info","message":"🚀 Server running on port 5000","timestamp":"2026-09-09T06:27:55.511Z"}
{"level":"info","message":"📡 Environment: development","timestamp":"2026-09-09T06:27:55.517Z"}
{"level":"info","message":"✅ MongoDB Connected: ac-wofqtyj-shard-00-00.9f1a3ua.mongodb.net","timestamp":"2026-09-09T06:27:56.015Z"}
{"level":"info","message":"🚀 Server running on port 5000","timestamp":"2026-09-09T06:28:13.627Z"}
{"level":"info","message":"📡 Environment: development","timestamp":"2026-09-09T06:28:13.635Z"}
{"level":"info","message":"✅ MongoDB Connected: ac-wofqtyj-shard-00-00.9f1a3ua.mongodb.net","timestamp":"2026-09-09T06:28:14.123Z"}
{"level":"info","message":"🚀 Server running on port 5000","timestamp":"2026-09-09T06:28:21.117Z"}
{"level":"info","message":"📡 Environment: development","timestamp":"2026-09-09T06:28:21.121Z"}
{"level":"info","message":"✅ MongoDB Connected: ac-wofqtyj-shard-00-00.9f1a3ua.mongodb.net","timestamp":"2026-09-09T06:28:21.649Z"}
{"level":"info","message":"🚀 Server running on port 5000","timestamp":"2026-09-09T06:28:47.864Z"}
{"level":"info","message":"📡 Environment: development","timestamp":"2026-09-09T06:28:47.870Z"}
{"level":"info","message":"✅ MongoDB Connected: ac-wofqtyj-shard-00-00.9f1a3ua.mongodb.net","timestamp":"2026-09-09T06:28:48.398Z"}
{"level":"info","message":"🚀 Server running on port 5000","timestamp":"2026-09-09T06:28:57.523Z"}
{"level":"info","message":"📡 Environment: development","timestamp":"2026-09-09T06:28:57.529Z"}
{"level":"info","message":"✅ MongoDB Connected: ac-wofqtyj-shard-00-00.9f1a3ua.mongodb.net","timestamp":"2026-09-09T06:28:58.035Z"}
{"level":"info","message":"🚀 Server running on port 5000","timestamp":"2026-09-09T06:29:05.008Z"}
{"level":"info","message":"📡 Environment: development","timestamp":"2026-09-09T06:29:05.016Z"}
{"level":"info","message":"✅ MongoDB Connected: ac-wofqtyj-shard-00-00.9f1a3ua.mongodb.net","timestamp":"2026-09-09T06:29:05.515Z"}
{"level":"info","message":"🚀 Server running on port 5000","timestamp":"2026-09-09T06:30:09.410Z"}
{"level":"info","message":"📡 Environment: development","timestamp":"2026-09-09T06:30:09.416Z"}
{"level":"info","message":"✅ MongoDB Connected: ac-wofqtyj-shard-00-00.9f1a3ua.mongodb.net","timestamp":"2026-09-09T06:30:09.997Z"}
{"level":"info","message":"🚀 Server running on port 5000","timestamp":"2026-09-09T06:30:14.641Z"}
{"level":"info","message":"📡 Environment: development","timestamp":"2026-09-09T06:30:14.646Z"}
{"level":"info","message":"✅ MongoDB Connected: ac-wofqtyj-shard-00-00.9f1a3ua.mongodb.net","timestamp":"2026-09-09T06:30:15.187Z"}
{"level":"info","message":"🚀 Server running on port 5000","timestamp":"2026-09-09T06:30:21.088Z"}
{"level":"info","message":"📡 Environment: development","timestamp":"2026-09-09T06:30:21.094Z"}
{"level":"info","message":"✅ MongoDB Connected: ac-wofqtyj-shard-00-00.9f1a3ua.mongodb.net","timestamp":"2026-09-09T06:30:21.648Z"}
{"level":"info","message":"🚀 Server running on port 5000","timestamp":"2026-09-09T06:30:24.311Z"}
{"level":"info","message":"📡 Environment: development","timestamp":"2026-09-09T06:30:24.315Z"}
{"level":"info","message":"✅ MongoDB Connected: ac-wofqtyj-shard-00-00.9f1a3ua.mongodb.net","timestamp":"2026-09-09T06:30:25.159Z"}
{"level":"info","message":"🚀 Server running on port 5000","timestamp":"2026-09-09T06:30:27.179Z"}
{"level":"info","message":"📡 Environment: development","timestamp":"2026-09-09T06:30:27.184Z"}
{"level":"info","message":"✅ MongoDB Connected: ac-wofqtyj-shard-00-00.9f1a3ua.mongodb.net","timestamp":"2026-09-09T06:30:27.756Z"}
{"level":"info","message":"🚀 Server running on port 5000","timestamp":"2026-09-09T06:35:46.927Z"}
{"level":"info","message":"📡 Environment: development","timestamp":"2026-09-09T06:35:46.935Z"}
{"level":"info","message":"✅ MongoDB Connected: ac-wofqtyj-shard-00-00.9f1a3ua.mongodb.net","timestamp":"2026-09-09T06:35:47.446Z"}
{"level":"info","message":"🚀 Server running on port 5000","timestamp":"2026-09-09T06:35:55.793Z"}
{"level":"info","message":"📡 Environment: development","timestamp":"2026-09-09T06:35:55.796Z"}
{"level":"info","message":"✅ MongoDB Connected: ac-wofqtyj-shard-00-00.9f1a3ua.mongodb.net","timestamp":"2026-09-09T06:35:56.319Z"}
{"level":"info","message":"🚀 Server running on port 5000","timestamp":"2026-09-09T06:36:03.349Z"}
{"level":"info","message":"📡 Environment: development","timestamp":"2026-09-09T06:36:03.353Z"}
{"level":"info","message":"✅ MongoDB Connected: ac-wofqtyj-shard-00-00.9f1a3ua.mongodb.net","timestamp":"2026-09-09T06:36:03.870Z"}
{"level":"info","message":"🚀 Server running on port 5000","timestamp":"2026-09-09T06:36:25.066Z"}
{"level":"info","message":"📡 Environment: development","timestamp":"2026-09-09T06:36:25.071Z"}
{"level":"info","message":"✅ MongoDB Connected: ac-wofqtyj-shard-00-00.9f1a3ua.mongodb.net","timestamp":"2026-09-09T06:36:25.583Z"}
{"level":"error","message":"Get customers error: Cast to ObjectId failed for value \"Gulshan Block 1\" (type string) at path \"area\" for model \"Customer\"","timestamp":"2026-09-09T06:46:50.430Z"}
{"level":"error","message":"Get customers error: Cast to ObjectId failed for value \"Gulshan Block 1\" (type string) at path \"area\" for model \"Customer\"","timestamp":"2026-09-09T06:46:50.490Z"}
{"level":"info","message":"🚀 Server running on port 5000","timestamp":"2026-09-09T06:48:51.486Z"}
{"level":"info","message":"📡 Environment: development","timestamp":"2026-09-09T06:48:51.490Z"}
{"level":"info","message":"✅ MongoDB Connected: ac-wofqtyj-shard-00-00.9f1a3ua.mongodb.net","timestamp":"2026-09-09T06:48:52.206Z"}
{"level":"info","message":"🚀 Server running on port 5000","timestamp":"2026-09-09T06:58:14.676Z"}
{"level":"info","message":"📡 Environment: development","timestamp":"2026-09-09T06:58:14.685Z"}
{"level":"info","message":"✅ MongoDB Connected: ac-wofqtyj-shard-00-00.9f1a3ua.mongodb.net","timestamp":"2026-09-09T06:58:15.326Z"}
{"level":"info","message":"🚀 Server running on port 5000","timestamp":"2026-09-09T07:23:58.516Z"}
{"level":"info","message":"📡 Environment: development","timestamp":"2026-09-09T07:23:58.521Z"}
{"level":"info","message":"✅ MongoDB Connected: ac-wofqtyj-shard-00-00.9f1a3ua.mongodb.net","timestamp":"2026-09-09T07:23:59.120Z"}
{"level":"info","message":"🚀 Server running on port 5000","timestamp":"2026-09-09T07:47:35.782Z"}
{"level":"info","message":"📡 Environment: development","timestamp":"2026-09-09T07:47:35.786Z"}
{"level":"info","message":"✅ MongoDB Connected: ac-wofqtyj-shard-00-00.9f1a3ua.mongodb.net","timestamp":"2026-09-09T07:47:36.434Z"}
{"level":"info","message":"🚀 Server running on port 5000","timestamp":"2026-09-09T07:48:29.943Z"}
{"level":"info","message":"📡 Environment: development","timestamp":"2026-09-09T07:48:29.947Z"}
{"level":"info","message":"✅ MongoDB Connected: ac-wofqtyj-shard-00-00.9f1a3ua.mongodb.net","timestamp":"2026-09-09T07:48:30.442Z"}
{"level":"info","message":"🚀 Server running on port 5000","timestamp":"2026-09-09T08:27:26.884Z"}
{"level":"info","message":"📡 Environment: development","timestamp":"2026-09-09T08:27:26.891Z"}
{"level":"info","message":"✅ MongoDB Connected: ac-wofqtyj-shard-00-00.9f1a3ua.mongodb.net","timestamp":"2026-09-09T08:27:27.433Z"}
{"level":"info","message":"🚀 Server running on port 5000","timestamp":"2026-09-09T09:12:32.010Z"}
{"level":"info","message":"📡 Environment: development","timestamp":"2026-09-09T09:12:32.013Z"}
{"level":"info","message":"✅ MongoDB Connected: ac-wofqtyj-shard-00-00.9f1a3ua.mongodb.net","timestamp":"2026-09-09T09:12:32.569Z"}
{"level":"info","message":"🚀 Server running on port 5000","timestamp":"2026-09-09T09:23:29.138Z"}
{"level":"info","message":"📡 Environment: development","timestamp":"2026-09-09T09:23:29.141Z"}
{"level":"info","message":"✅ MongoDB Connected: ac-wofqtyj-shard-00-00.9f1a3ua.mongodb.net","timestamp":"2026-09-09T09:23:29.850Z"}
{"level":"info","message":"🚀 Server running on port 5000","timestamp":"2026-09-09T10:17:42.724Z"}
{"level":"info","message":"📡 Environment: development","timestamp":"2026-09-09T10:17:42.727Z"}
{"level":"warn","message":"⚠️ MongoDB disconnected, attempting to reconnect...","timestamp":"2026-09-09T10:17:47.742Z"}
{"level":"info","message":"🚀 Server running on port 5000","timestamp":"2026-09-09T10:25:00.890Z"}
{"level":"info","message":"📡 Environment: development","timestamp":"2026-09-09T10:25:00.894Z"}
{"level":"info","message":"✅ MongoDB Connected: ac-wofqtyj-shard-00-00.9f1a3ua.mongodb.net","timestamp":"2026-09-09T10:25:01.756Z"}
{"level":"info","message":"🚀 Server running on port 5000","timestamp":"2026-09-09T10:27:32.607Z"}
{"level":"info","message":"📡 Environment: development","timestamp":"2026-09-09T10:27:32.614Z"}
{"level":"info","message":"✅ MongoDB Connected: ac-wofqtyj-shard-00-00.9f1a3ua.mongodb.net","timestamp":"2026-09-09T10:27:33.157Z"}
{"level":"info","message":"🚀 Server running on port 5000","timestamp":"2026-09-09T10:29:54.966Z"}
{"level":"info","message":"📡 Environment: development","timestamp":"2026-09-09T10:29:54.972Z"}
{"level":"info","message":"✅ MongoDB Connected: ac-wofqtyj-shard-00-00.9f1a3ua.mongodb.net","timestamp":"2026-09-09T10:29:55.530Z"}
{"level":"info","message":"🚀 Server running on port 5000","timestamp":"2026-09-09T10:41:20.788Z"}
{"level":"info","message":"📡 Environment: development","timestamp":"2026-09-09T10:41:20.793Z"}
{"level":"info","message":"✅ MongoDB Connected: ac-wofqtyj-shard-00-00.9f1a3ua.mongodb.net","timestamp":"2026-09-09T10:41:21.488Z"}
{"level":"info","message":"🚀 Server running on port 5000","timestamp":"2026-09-09T10:42:03.869Z"}
{"level":"info","message":"📡 Environment: development","timestamp":"2026-09-09T10:42:03.876Z"}
{"level":"info","message":"✅ MongoDB Connected: ac-wofqtyj-shard-00-00.9f1a3ua.mongodb.net","timestamp":"2026-09-09T10:42:04.375Z"}
{"level":"info","message":"🚀 Server running on port 5000","timestamp":"2026-09-09T10:55:08.289Z"}
{"level":"info","message":"📡 Environment: development","timestamp":"2026-09-09T10:55:08.297Z"}
{"level":"info","message":"✅ MongoDB Connected: ac-wofqtyj-shard-00-00.9f1a3ua.mongodb.net","timestamp":"2026-09-09T10:55:08.959Z"}
{"level":"info","message":"🚀 Server running on port 5000","timestamp":"2026-09-09T10:59:24.187Z"}
{"level":"info","message":"📡 Environment: development","timestamp":"2026-09-09T10:59:24.195Z"}
{"level":"info","message":"✅ MongoDB Connected: ac-wofqtyj-shard-00-00.9f1a3ua.mongodb.net","timestamp":"2026-09-09T10:59:24.700Z"}
{"level":"info","message":"🚀 Server running on port 5000","timestamp":"2026-09-09T11:10:50.156Z"}
{"level":"info","message":"📡 Environment: development","timestamp":"2026-09-09T11:10:50.162Z"}
{"level":"info","message":"✅ MongoDB Connected: ac-wofqtyj-shard-00-00.9f1a3ua.mongodb.net","timestamp":"2026-09-09T11:10:50.729Z"}
{"level":"info","message":"🚀 Server running on port 5000","timestamp":"2026-09-09T11:13:00.530Z"}
{"level":"info","message":"📡 Environment: development","timestamp":"2026-09-09T11:13:00.536Z"}
{"level":"info","message":"✅ MongoDB Connected: ac-wofqtyj-shard-00-00.9f1a3ua.mongodb.net","timestamp":"2026-09-09T11:13:01.064Z"}
{"level":"info","message":"🚀 Server running on port 5000","timestamp":"2026-09-09T11:13:03.607Z"}
{"level":"info","message":"📡 Environment: development","timestamp":"2026-09-09T11:13:03.617Z"}
{"level":"info","message":"✅ MongoDB Connected: ac-wofqtyj-shard-00-00.9f1a3ua.mongodb.net","timestamp":"2026-09-09T11:13:04.182Z"}
{"level":"info","message":"🚀 Server running on port 5000","timestamp":"2026-09-09T11:19:52.764Z"}
{"level":"info","message":"📡 Environment: development","timestamp":"2026-09-09T11:19:52.774Z"}
{"level":"info","message":"✅ MongoDB Connected: ac-wofqtyj-shard-00-00.9f1a3ua.mongodb.net","timestamp":"2026-09-09T11:19:53.292Z"}
{"level":"info","message":"🚀 Server running on port 5000","timestamp":"2026-09-09T11:20:25.688Z"}
{"level":"info","message":"📡 Environment: development","timestamp":"2026-09-09T11:20:25.692Z"}
{"level":"info","message":"✅ MongoDB Connected: ac-wofqtyj-shard-00-00.9f1a3ua.mongodb.net","timestamp":"2026-09-09T11:20:26.224Z"}
{"level":"info","message":"🚀 Server running on port 5000","timestamp":"2026-09-09T11:21:41.869Z"}
{"level":"info","message":"📡 Environment: development","timestamp":"2026-09-09T11:21:41.876Z"}
{"level":"info","message":"✅ MongoDB Connected: ac-wofqtyj-shard-00-00.9f1a3ua.mongodb.net","timestamp":"2026-09-09T11:21:42.390Z"}
{"level":"info","message":"🚀 Server running on port 5000","timestamp":"2026-09-09T11:24:24.083Z"}
{"level":"info","message":"📡 Environment: development","timestamp":"2026-09-09T11:24:24.090Z"}
{"level":"info","message":"✅ MongoDB Connected: ac-wofqtyj-shard-00-00.9f1a3ua.mongodb.net","timestamp":"2026-09-09T11:24:24.611Z"}
{"level":"info","message":"🚀 Server running on port 5000","timestamp":"2026-09-09T11:28:49.421Z"}
{"level":"info","message":"📡 Environment: development","timestamp":"2026-09-09T11:28:49.427Z"}
{"level":"info","message":"✅ MongoDB Connected: ac-wofqtyj-shard-00-00.9f1a3ua.mongodb.net","timestamp":"2026-09-09T11:28:49.959Z"}
{"level":"info","message":"🚀 Server running on port 5000","timestamp":"2026-09-09T11:31:10.791Z"}
{"level":"info","message":"📡 Environment: development","timestamp":"2026-09-09T11:31:10.796Z"}
{"level":"info","message":"✅ MongoDB Connected: ac-wofqtyj-shard-00-00.9f1a3ua.mongodb.net","timestamp":"2026-09-09T11:31:11.362Z"}
{"level":"info","message":"🚀 Server running on port 5000","timestamp":"2026-09-09T11:41:06.307Z"}
{"level":"info","message":"📡 Environment: development","timestamp":"2026-09-09T11:41:06.317Z"}
{"level":"info","message":"✅ MongoDB Connected: ac-wofqtyj-shard-00-00.9f1a3ua.mongodb.net","timestamp":"2026-09-09T11:41:06.817Z"}
{"level":"info","message":"🚀 Server running on port 5000","timestamp":"2026-09-10T05:35:56.383Z"}
{"level":"info","message":"📡 Environment: development","timestamp":"2026-09-10T05:35:56.389Z"}
{"level":"info","message":"✅ MongoDB Connected: ac-wofqtyj-shard-00-00.9f1a3ua.mongodb.net","timestamp":"2026-09-10T05:35:57.112Z"}
{"level":"info","message":"🚀 Server running on port 5000","timestamp":"2026-09-10T05:48:45.186Z"}
{"level":"info","message":"📡 Environment: development","timestamp":"2026-09-10T05:48:45.192Z"}
{"level":"info","message":"✅ MongoDB Connected: ac-wofqtyj-shard-00-00.9f1a3ua.mongodb.net","timestamp":"2026-09-10T05:48:45.731Z"}
{"level":"info","message":"🚀 Server running on port 5000","timestamp":"2026-09-10T05:49:19.884Z"}
{"level":"info","message":"📡 Environment: development","timestamp":"2026-09-10T05:49:19.896Z"}
{"level":"info","message":"✅ MongoDB Connected: ac-wofqtyj-shard-00-00.9f1a3ua.mongodb.net","timestamp":"2026-09-10T05:49:20.383Z"}
{"level":"info","message":"🚀 Server running on port 5000","timestamp":"2026-09-10T05:51:38.682Z"}
{"level":"info","message":"📡 Environment: development","timestamp":"2026-09-10T05:51:38.691Z"}
{"level":"info","message":"✅ MongoDB Connected: ac-wofqtyj-shard-00-00.9f1a3ua.mongodb.net","timestamp":"2026-09-10T05:51:43.861Z"}
{"level":"info","message":"🚀 Server running on port 5000","timestamp":"2026-09-10T05:51:55.082Z"}
{"level":"info","message":"📡 Environment: development","timestamp":"2026-09-10T05:51:55.091Z"}
{"level":"info","message":"✅ MongoDB Connected: ac-wofqtyj-shard-00-00.9f1a3ua.mongodb.net","timestamp":"2026-09-10T05:51:55.621Z"}
{"level":"info","message":"🚀 Server running on port 5000","timestamp":"2026-09-10T06:50:29.446Z"}
{"level":"info","message":"📡 Environment: development","timestamp":"2026-09-10T06:50:29.452Z"}
{"level":"info","message":"✅ MongoDB Connected: ac-wofqtyj-shard-00-00.9f1a3ua.mongodb.net","timestamp":"2026-09-10T06:50:29.975Z"}
{"level":"info","message":"🚀 Server running on port 5000","timestamp":"2026-09-10T06:51:02.479Z"}
{"level":"info","message":"📡 Environment: development","timestamp":"2026-09-10T06:51:02.486Z"}
{"level":"info","message":"✅ MongoDB Connected: ac-wofqtyj-shard-00-00.9f1a3ua.mongodb.net","timestamp":"2026-09-10T06:51:02.993Z"}
{"level":"info","message":"🚀 Server running on port 5000","timestamp":"2026-09-10T06:57:12.242Z"}
{"level":"info","message":"📡 Environment: development","timestamp":"2026-09-10T06:57:12.247Z"}
{"level":"info","message":"✅ MongoDB Connected: ac-wofqtyj-shard-00-00.9f1a3ua.mongodb.net","timestamp":"2026-09-10T06:57:12.782Z"}
{"level":"info","message":"🚀 Server running on port 5000","timestamp":"2026-09-10T07:04:00.109Z"}
{"level":"info","message":"📡 Environment: development","timestamp":"2026-09-10T07:04:00.118Z"}
{"level":"info","message":"✅ MongoDB Connected: ac-wofqtyj-shard-00-00.9f1a3ua.mongodb.net","timestamp":"2026-09-10T07:04:00.637Z"}
{"level":"info","message":"🚀 Server running on port 5000","timestamp":"2026-09-10T07:18:06.048Z"}
{"level":"info","message":"📡 Environment: development","timestamp":"2026-09-10T07:18:06.057Z"}
{"level":"info","message":"✅ MongoDB Connected: ac-wofqtyj-shard-00-00.9f1a3ua.mongodb.net","timestamp":"2026-09-10T07:18:06.612Z"}
{"level":"info","message":"🚀 Server running on port 5000","timestamp":"2026-09-10T07:20:03.080Z"}
{"level":"info","message":"📡 Environment: development","timestamp":"2026-09-10T07:20:03.088Z"}
{"level":"info","message":"✅ MongoDB Connected: ac-wofqtyj-shard-00-00.9f1a3ua.mongodb.net","timestamp":"2026-09-10T07:20:03.632Z"}
{"level":"info","message":"🚀 Server running on port 5000","timestamp":"2026-09-10T07:26:44.127Z"}
{"level":"info","message":"📡 Environment: development","timestamp":"2026-09-10T07:26:44.131Z"}
{"level":"info","message":"✅ MongoDB Connected: ac-wofqtyj-shard-00-00.9f1a3ua.mongodb.net","timestamp":"2026-09-10T07:26:44.696Z"}
{"level":"info","message":"🚀 Server running on port 5000","timestamp":"2026-09-10T07:45:57.403Z"}
{"level":"info","message":"📡 Environment: development","timestamp":"2026-09-10T07:45:57.407Z"}
{"level":"info","message":"✅ MongoDB Connected: ac-wofqtyj-shard-00-00.9f1a3ua.mongodb.net","timestamp":"2026-09-10T07:45:57.966Z"}
{"level":"info","message":"🚀 Server running on port 5000","timestamp":"2026-09-10T07:46:17.489Z"}
{"level":"info","message":"📡 Environment: development","timestamp":"2026-09-10T07:46:17.495Z"}
{"level":"info","message":"✅ MongoDB Connected: ac-wofqtyj-shard-00-00.9f1a3ua.mongodb.net","timestamp":"2026-09-10T07:46:18.018Z"}
{"level":"info","message":"🚀 Server running on port 5000","timestamp":"2026-09-10T08:35:29.897Z"}
{"level":"info","message":"📡 Environment: development","timestamp":"2026-09-10T08:35:29.902Z"}
{"level":"info","message":"✅ MongoDB Connected: ac-wofqtyj-shard-00-00.9f1a3ua.mongodb.net","timestamp":"2026-09-10T08:35:30.708Z"}
{"level":"info","message":"🚀 Server running on port 5000","timestamp":"2026-09-10T08:35:39.427Z"}
{"level":"info","message":"📡 Environment: development","timestamp":"2026-09-10T08:35:39.432Z"}
{"level":"info","message":"✅ MongoDB Connected: ac-wofqtyj-shard-00-00.9f1a3ua.mongodb.net","timestamp":"2026-09-10T08:35:39.933Z"}
{"level":"info","message":"🚀 Server running on port 5000","timestamp":"2026-09-10T09:45:27.360Z"}
{"level":"info","message":"📡 Environment: development","timestamp":"2026-09-10T09:45:27.370Z"}
{"level":"info","message":"✅ MongoDB Connected: ac-wofqtyj-shard-00-00.9f1a3ua.mongodb.net","timestamp":"2026-09-10T09:45:27.939Z"}
{"level":"info","message":"🚀 Server running on port 5000","timestamp":"2026-09-10T09:45:31.279Z"}
{"level":"info","message":"📡 Environment: development","timestamp":"2026-09-10T09:45:31.285Z"}
{"level":"info","message":"✅ MongoDB Connected: ac-wofqtyj-shard-00-00.9f1a3ua.mongodb.net","timestamp":"2026-09-10T09:45:31.834Z"}
{"level":"info","message":"🚀 Server running on port 5000","timestamp":"2026-09-10T09:46:10.301Z"}
{"level":"info","message":"📡 Environment: development","timestamp":"2026-09-10T09:46:10.306Z"}
{"level":"info","message":"✅ MongoDB Connected: ac-wofqtyj-shard-00-00.9f1a3ua.mongodb.net","timestamp":"2026-09-10T09:46:10.868Z"}
{"level":"info","message":"🚀 Server running on port 5000","timestamp":"2026-09-10T10:00:59.561Z"}
{"level":"info","message":"📡 Environment: development","timestamp":"2026-09-10T10:00:59.574Z"}
{"level":"info","message":"✅ MongoDB Connected: ac-wofqtyj-shard-00-00.9f1a3ua.mongodb.net","timestamp":"2026-09-10T10:01:00.115Z"}
{"level":"info","message":"🚀 Server running on port 5000","timestamp":"2026-09-10T10:01:07.446Z"}
{"level":"info","message":"📡 Environment: development","timestamp":"2026-09-10T10:01:07.451Z"}
{"level":"info","message":"✅ MongoDB Connected: ac-wofqtyj-shard-00-00.9f1a3ua.mongodb.net","timestamp":"2026-09-10T10:01:07.991Z"}
{"level":"info","message":"🚀 Server running on port 5000","timestamp":"2026-09-10T10:01:56.715Z"}
{"level":"info","message":"📡 Environment: development","timestamp":"2026-09-10T10:01:56.720Z"}
{"level":"info","message":"✅ MongoDB Connected: ac-wofqtyj-shard-00-00.9f1a3ua.mongodb.net","timestamp":"2026-09-10T10:01:57.290Z"}
{"level":"info","message":"🚀 Server running on port 5000","timestamp":"2026-09-10T10:09:03.320Z"}
{"level":"info","message":"📡 Environment: development","timestamp":"2026-09-10T10:09:03.326Z"}
{"level":"info","message":"✅ MongoDB Connected: ac-wofqtyj-shard-00-00.9f1a3ua.mongodb.net","timestamp":"2026-09-10T10:09:03.924Z"}
{"level":"info","message":"🚀 Server running on port 5000","timestamp":"2026-09-10T10:10:26.892Z"}
{"level":"info","message":"📡 Environment: development","timestamp":"2026-09-10T10:10:26.900Z"}
{"level":"info","message":"✅ MongoDB Connected: ac-wofqtyj-shard-00-00.9f1a3ua.mongodb.net","timestamp":"2026-09-10T10:10:27.481Z"}
{"level":"info","message":"🚀 Server running on port 5000","timestamp":"2026-09-10T10:14:20.746Z"}
{"level":"info","message":"📡 Environment: development","timestamp":"2026-09-10T10:14:20.755Z"}
{"level":"info","message":"✅ MongoDB Connected: ac-wofqtyj-shard-00-00.9f1a3ua.mongodb.net","timestamp":"2026-09-10T10:14:21.354Z"}
{"level":"info","message":"✅ MongoDB reconnected","timestamp":"2026-09-10T10:45:17.844Z"}
{"level":"info","message":"✅ MongoDB reconnected","timestamp":"2026-09-10T10:45:18.095Z"}
{"level":"warn","message":"⚠️ MongoDB disconnected, attempting to reconnect...","timestamp":"2026-09-10T10:45:28.354Z"}
{"level":"info","message":"✅ MongoDB reconnected","timestamp":"2026-09-10T10:45:28.451Z"}
{"level":"info","message":"✅ MongoDB reconnected","timestamp":"2026-09-10T11:36:34.611Z"}
{"level":"info","message":"✅ MongoDB reconnected","timestamp":"2026-09-10T11:36:34.613Z"}
{"level":"warn","message":"⚠️ MongoDB disconnected, attempting to reconnect...","timestamp":"2026-09-10T11:36:44.955Z"}
{"level":"info","message":"✅ MongoDB reconnected","timestamp":"2026-09-10T11:36:45.158Z"}
{"level":"info","message":"✅ MongoDB reconnected","timestamp":"2026-09-10T15:00:07.516Z"}
{"level":"info","message":"✅ MongoDB reconnected","timestamp":"2026-09-10T15:00:07.518Z"}
{"level":"warn","message":"⚠️ MongoDB disconnected, attempting to reconnect...","timestamp":"2026-09-10T15:00:18.120Z"}
{"level":"info","message":"✅ MongoDB reconnected","timestamp":"2026-09-10T15:00:18.391Z"}
{"level":"warn","message":"⚠️ MongoDB disconnected, will reconnect on next request","timestamp":"2026-09-12T05:57:07.282Z"}
{"level":"error","message":"❌ MongoDB connection error: querySrv ECONNREFUSED _mongodb._tcp.cluster0.9f1a3ua.mongodb.net","timestamp":"2026-09-12T05:57:07.288Z"}
{"level":"error","message":"❌ MongoDB connection error event: querySrv ECONNREFUSED _mongodb._tcp.cluster0.9f1a3ua.mongodb.net","timestamp":"2026-09-12T05:57:07.290Z"}
{"level":"info","message":"✅ MongoDB Connected: ac-wofqtyj-shard-00-00.9f1a3ua.mongodb.net","timestamp":"2026-09-12T06:02:42.199Z"}
{"level":"info","message":"🚀 Server running on port 5000","timestamp":"2026-09-12T06:10:10.637Z"}
{"level":"info","message":"📡 Environment: development","timestamp":"2026-09-12T06:10:10.641Z"}
{"level":"info","message":"✅ MongoDB Connected: ac-wofqtyj-shard-00-00.9f1a3ua.mongodb.net","timestamp":"2026-09-12T06:10:11.204Z"}
{"level":"info","message":"🚀 Server running on port 5000","timestamp":"2026-09-12T06:11:26.062Z"}
{"level":"info","message":"📡 Environment: development","timestamp":"2026-09-12T06:11:26.068Z"}
{"level":"info","message":"✅ MongoDB Connected: ac-wofqtyj-shard-00-00.9f1a3ua.mongodb.net","timestamp":"2026-09-12T06:11:26.638Z"}
{"level":"info","message":"🚀 Server running on port 5000","timestamp":"2026-09-12T06:16:22.060Z"}
{"level":"info","message":"📡 Environment: development","timestamp":"2026-09-12T06:16:22.067Z"}
{"level":"info","message":"✅ MongoDB Connected: ac-wofqtyj-shard-00-00.9f1a3ua.mongodb.net","timestamp":"2026-09-12T06:16:22.656Z"}
{"level":"info","message":"🚀 Server running on port 5000","timestamp":"2026-09-12T06:16:39.386Z"}
{"level":"info","message":"📡 Environment: development","timestamp":"2026-09-12T06:16:39.391Z"}
{"level":"info","message":"✅ MongoDB Connected: ac-wofqtyj-shard-00-00.9f1a3ua.mongodb.net","timestamp":"2026-09-12T06:16:39.926Z"}
{"level":"info","message":"🚀 Server running on port 5000","timestamp":"2026-09-12T06:26:42.784Z"}
{"level":"info","message":"📡 Environment: development","timestamp":"2026-09-12T06:26:42.791Z"}
{"level":"info","message":"✅ MongoDB Connected: ac-wofqtyj-shard-00-00.9f1a3ua.mongodb.net","timestamp":"2026-09-12T06:26:43.391Z"}
{"level":"info","message":"🚀 Server running on port 5000","timestamp":"2026-09-12T07:19:57.343Z"}
{"level":"info","message":"📡 Environment: development","timestamp":"2026-09-12T07:19:57.347Z"}
{"level":"info","message":"✅ MongoDB Connected: ac-wofqtyj-shard-00-00.9f1a3ua.mongodb.net","timestamp":"2026-09-12T07:19:57.993Z"}
{"level":"info","message":"🚀 Server running on port 5000","timestamp":"2026-09-12T07:41:05.034Z"}
{"level":"info","message":"📡 Environment: development","timestamp":"2026-09-12T07:41:05.047Z"}
{"level":"info","message":"✅ MongoDB Connected: ac-wofqtyj-shard-00-00.9f1a3ua.mongodb.net","timestamp":"2026-09-12T07:41:05.623Z"}
{"level":"info","message":"🚀 Server running on port 5000","timestamp":"2026-09-12T07:41:16.880Z"}
{"level":"info","message":"📡 Environment: development","timestamp":"2026-09-12T07:41:16.887Z"}
{"level":"info","message":"✅ MongoDB Connected: ac-wofqtyj-shard-00-00.9f1a3ua.mongodb.net","timestamp":"2026-09-12T07:41:17.429Z"}
{"level":"info","message":"🚀 Server running on port 5000","timestamp":"2026-09-12T07:49:56.635Z"}
{"level":"info","message":"📡 Environment: development","timestamp":"2026-09-12T07:49:56.640Z"}
{"level":"info","message":"✅ MongoDB Connected: ac-wofqtyj-shard-00-00.9f1a3ua.mongodb.net","timestamp":"2026-09-12T07:49:57.341Z"}
{"level":"info","message":"🚀 Server running on port 5000","timestamp":"2026-09-12T07:50:06.121Z"}
{"level":"info","message":"📡 Environment: development","timestamp":"2026-09-12T07:50:06.127Z"}
{"level":"info","message":"✅ MongoDB Connected: ac-wofqtyj-shard-00-00.9f1a3ua.mongodb.net","timestamp":"2026-09-12T07:50:06.665Z"}
{"level":"info","message":"🚀 Server running on port 5000","timestamp":"2026-09-12T07:50:08.317Z"}
{"level":"info","message":"📡 Environment: development","timestamp":"2026-09-12T07:50:08.322Z"}
{"level":"info","message":"✅ MongoDB Connected: ac-wofqtyj-shard-00-00.9f1a3ua.mongodb.net","timestamp":"2026-09-12T07:50:08.837Z"}
{"level":"info","message":"🚀 Server running on port 5000","timestamp":"2026-09-12T09:07:49.110Z"}
{"level":"info","message":"📡 Environment: development","timestamp":"2026-09-12T09:07:49.116Z"}
{"level":"info","message":"✅ MongoDB Connected: ac-wofqtyj-shard-00-00.9f1a3ua.mongodb.net","timestamp":"2026-09-12T09:07:49.697Z"}
{"level":"info","message":"🚀 Server running on port 5000","timestamp":"2026-09-12T09:08:35.939Z"}
{"level":"info","message":"📡 Environment: development","timestamp":"2026-09-12T09:08:36.003Z"}
{"level":"info","message":"✅ MongoDB Connected: ac-wofqtyj-shard-00-00.9f1a3ua.mongodb.net","timestamp":"2026-09-12T09:08:36.519Z"}
{"level":"info","message":"🚀 Server running on port 5000","timestamp":"2026-09-12T09:51:06.506Z"}
{"level":"info","message":"📡 Environment: development","timestamp":"2026-09-12T09:51:06.515Z"}
{"level":"info","message":"✅ MongoDB Connected: ac-wofqtyj-shard-00-00.9f1a3ua.mongodb.net","timestamp":"2026-09-12T09:51:07.033Z"}
{"level":"info","message":"🚀 Server running on port 5000","timestamp":"2026-09-12T09:51:24.706Z"}
{"level":"info","message":"📡 Environment: development","timestamp":"2026-09-12T09:51:24.715Z"}
{"level":"info","message":"✅ MongoDB Connected: ac-wofqtyj-shard-00-00.9f1a3ua.mongodb.net","timestamp":"2026-09-12T09:51:25.226Z"}
{"level":"info","message":"🚀 Server running on port 5000","timestamp":"2026-09-12T10:27:23.286Z"}
{"level":"info","message":"📡 Environment: development","timestamp":"2026-09-12T10:27:23.291Z"}
{"level":"info","message":"✅ MongoDB Connected: ac-wofqtyj-shard-00-00.9f1a3ua.mongodb.net","timestamp":"2026-09-12T10:27:23.897Z"}
{"level":"info","message":"🚀 Server running on port 5000","timestamp":"2026-09-12T10:28:31.426Z"}
{"level":"info","message":"📡 Environment: development","timestamp":"2026-09-12T10:28:31.430Z"}
{"level":"info","message":"✅ MongoDB Connected: ac-wofqtyj-shard-00-00.9f1a3ua.mongodb.net","timestamp":"2026-09-12T10:28:32.055Z"}
{"level":"info","message":"🚀 Server running on port 5000","timestamp":"2026-09-12T10:28:41.098Z"}
{"level":"info","message":"📡 Environment: development","timestamp":"2026-09-12T10:28:41.106Z"}
{"level":"info","message":"✅ MongoDB Connected: ac-wofqtyj-shard-00-00.9f1a3ua.mongodb.net","timestamp":"2026-09-12T10:28:41.631Z"}
{"level":"info","message":"🚀 Server running on port 5000","timestamp":"2026-09-12T10:42:42.068Z"}
{"level":"info","message":"📡 Environment: development","timestamp":"2026-09-12T10:42:42.077Z"}
{"level":"info","message":"✅ MongoDB Connected: ac-wofqtyj-shard-00-00.9f1a3ua.mongodb.net","timestamp":"2026-09-12T10:42:42.721Z"}
{"level":"info","message":"✅ MongoDB reconnected","timestamp":"2026-09-12T14:08:11.564Z"}
{"level":"info","message":"✅ MongoDB reconnected","timestamp":"2026-09-12T14:08:11.567Z"}
{"level":"warn","message":"⚠️ MongoDB disconnected, will reconnect on next request","timestamp":"2026-09-13T07:19:24.535Z"}
{"level":"info","message":"✅ MongoDB reconnected","timestamp":"2026-09-13T07:19:24.742Z"}
{"level":"info","message":"🚀 Server running on port 5000","timestamp":"2026-09-13T07:30:23.634Z"}
{"level":"info","message":"📡 Environment: development","timestamp":"2026-09-13T07:30:23.641Z"}
{"level":"info","message":"🚀 Server running on port 5000","timestamp":"2026-09-13T07:30:30.426Z"}
{"level":"info","message":"📡 Environment: development","timestamp":"2026-09-13T07:30:30.430Z"}
{"level":"warn","message":"⚠️ MongoDB disconnected, will reconnect on next request","timestamp":"2026-09-13T07:30:40.434Z"}
{"level":"error","message":"❌ MongoDB connection error: getaddrinfo ENOTFOUND ac-wofqtyj-shard-00-00.9f1a3ua.monmongodb","timestamp":"2026-09-13T07:30:40.436Z"}
{"level":"error","message":"❌ MongoDB connection error event: getaddrinfo ENOTFOUND ac-wofqtyj-shard-00-00.9f1a3ua.monmongodb","timestamp":"2026-09-13T07:30:40.437Z"}
{"level":"error","message":"Get packages error: Operation `packages.find()` buffering timed out after 30000ms","timestamp":"2026-09-13T07:31:04.951Z"}
{"level":"error","message":"Get packages error: Operation `packages.find()` buffering timed out after 30000ms","timestamp":"2026-09-13T07:31:09.790Z"}
{"level":"error","message":"Get packages error: Operation `packages.find()` buffering timed out after 30000ms","timestamp":"2026-09-13T07:31:11.321Z"}
{"level":"error","message":"Get packages error: Operation `packages.find()` buffering timed out after 30000ms","timestamp":"2026-09-13T07:31:11.462Z"}
{"level":"error","message":"Get payments error: Operation `payments.find()` buffering timed out after 30000ms","timestamp":"2026-09-13T07:31:14.154Z"}
{"level":"error","message":"Auth error: Operation `users.findOne()` buffering timed out after 30000ms","timestamp":"2026-09-13T07:31:14.165Z"}
{"level":"error","message":"Get packages error: Operation `packages.find()` buffering timed out after 30000ms","timestamp":"2026-09-13T07:31:31.475Z"}
{"level":"error","message":"Get packages error: Operation `packages.find()` buffering timed out after 30000ms","timestamp":"2026-09-13T07:31:34.171Z"}
{"level":"error","message":"Get payments error: Operation `payments.find()` buffering timed out after 30000ms","timestamp":"2026-09-13T07:31:35.157Z"}
{"level":"error","message":"Auth error: Operation `users.findOne()` buffering timed out after 30000ms","timestamp":"2026-09-13T07:31:41.500Z"}
{"level":"error","message":"Get packages error: Operation `packages.find()` buffering timed out after 30000ms","timestamp":"2026-09-13T07:31:44.221Z"}
{"level":"error","message":"Get packages error: Operation `packages.find()` buffering timed out after 30000ms","timestamp":"2026-09-13T07:31:44.224Z"}
{"level":"error","message":"Login error: Operation `users.findOne()` buffering timed out after 30000ms","timestamp":"2026-09-13T07:32:01.726Z"}
{"level":"error","message":"Get packages error: Operation `packages.find()` buffering timed out after 30000ms","timestamp":"2026-09-13T07:32:04.218Z"}
{"level":"error","message":"Login error: Operation `users.findOne()` buffering timed out after 30000ms","timestamp":"2026-09-13T07:33:57.508Z"}
{"level":"info","message":"🚀 Server running on port 5000","timestamp":"2026-09-13T07:35:28.192Z"}
{"level":"info","message":"📡 Environment: development","timestamp":"2026-09-13T07:35:28.196Z"}
{"level":"info","message":"✅ MongoDB Connected: ac-wofqtyj-shard-00-00.9f1a3ua.mongodb.net","timestamp":"2026-09-13T07:35:29.273Z"}
{"level":"info","message":"🚀 Server running on port 5000","timestamp":"2026-09-13T08:09:11.466Z"}
{"level":"info","message":"📡 Environment: development","timestamp":"2026-09-13T08:09:11.474Z"}
{"level":"info","message":"✅ MongoDB Connected: ac-wofqtyj-shard-00-00.9f1a3ua.mongodb.net","timestamp":"2026-09-13T08:09:12.540Z"}
{"level":"info","message":"🚀 Server running on port 5000","timestamp":"2026-09-13T08:09:32.819Z"}
{"level":"info","message":"📡 Environment: development","timestamp":"2026-09-13T08:09:32.822Z"}
{"level":"info","message":"🚀 Server running on port 5000","timestamp":"2026-09-13T08:09:33.887Z"}
{"level":"info","message":"📡 Environment: development","timestamp":"2026-09-13T08:09:33.891Z"}
{"level":"info","message":"✅ MongoDB Connected: ac-wofqtyj-shard-00-00.9f1a3ua.mongodb.net","timestamp":"2026-09-13T08:09:34.936Z"}
{"level":"info","message":"🚀 Server running on port 5000","timestamp":"2026-09-13T08:30:19.207Z"}
{"level":"info","message":"📡 Environment: development","timestamp":"2026-09-13T08:30:19.211Z"}
{"level":"info","message":"✅ MongoDB Connected: ac-wofqtyj-shard-00-00.9f1a3ua.mongodb.net","timestamp":"2026-09-13T08:30:19.871Z"}
{"level":"info","message":"🚀 Server running on port 5000","timestamp":"2026-09-13T08:42:56.406Z"}
{"level":"info","message":"📡 Environment: development","timestamp":"2026-09-13T08:42:56.422Z"}
{"level":"info","message":"✅ MongoDB Connected: ac-wofqtyj-shard-00-00.9f1a3ua.mongodb.net","timestamp":"2026-09-13T08:42:57.344Z"}
{"level":"info","message":"🚀 Server running on port 5000","timestamp":"2026-09-13T08:55:41.457Z"}
{"level":"info","message":"📡 Environment: development","timestamp":"2026-09-13T08:55:41.479Z"}
{"level":"info","message":"🚀 Server running on port 5000","timestamp":"2026-09-13T08:55:43.058Z"}
{"level":"info","message":"📡 Environment: development","timestamp":"2026-09-13T08:55:43.064Z"}
{"level":"info","message":"✅ MongoDB Connected: ac-wofqtyj-shard-00-00.9f1a3ua.mongodb.net","timestamp":"2026-09-13T08:55:43.715Z"}
{"level":"info","message":"🚀 Server running on port 5000","timestamp":"2026-09-13T08:56:01.835Z"}
{"level":"info","message":"📡 Environment: development","timestamp":"2026-09-13T08:56:01.840Z"}
{"level":"info","message":"✅ MongoDB Connected: ac-wofqtyj-shard-00-00.9f1a3ua.mongodb.net","timestamp":"2026-09-13T08:56:02.449Z"}
{"level":"info","message":"🚀 Server running on port 5000","timestamp":"2026-09-13T08:57:47.707Z"}
{"level":"info","message":"📡 Environment: development","timestamp":"2026-09-13T08:57:47.713Z"}
{"level":"info","message":"✅ MongoDB Connected: ac-wofqtyj-shard-00-00.9f1a3ua.mongodb.net","timestamp":"2026-09-13T08:57:53.553Z"}
{"level":"info","message":"🚀 Server running on port 5000","timestamp":"2026-09-13T09:10:02.131Z"}
{"level":"info","message":"📡 Environment: development","timestamp":"2026-09-13T09:10:02.135Z"}
{"level":"info","message":"✅ MongoDB Connected: ac-wofqtyj-shard-00-00.9f1a3ua.mongodb.net","timestamp":"2026-09-13T09:10:02.800Z"}
{"level":"info","message":"🚀 Server running on port 5000","timestamp":"2026-09-13T10:23:28.029Z"}
{"level":"info","message":"📡 Environment: development","timestamp":"2026-09-13T10:23:28.033Z"}
{"level":"info","message":"✅ MongoDB Connected: ac-wofqtyj-shard-00-00.9f1a3ua.mongodb.net","timestamp":"2026-09-13T10:23:28.812Z"}
{"level":"info","message":"🚀 Server running on port 5000","timestamp":"2026-09-13T16:31:16.199Z"}
{"level":"info","message":"📡 Environment: development","timestamp":"2026-09-13T16:31:16.215Z"}
{"level":"info","message":"✅ MongoDB Connected: ac-wofqtyj-shard-00-00.9f1a3ua.mongodb.net","timestamp":"2026-09-13T16:31:17.025Z"}
{"level":"info","message":"🚀 Server running on port 5000","timestamp":"2026-09-13T17:17:29.264Z"}
{"level":"info","message":"📡 Environment: development","timestamp":"2026-09-13T17:17:29.272Z"}
{"level":"info","message":"🚀 Server running on port 5000","timestamp":"2026-09-13T17:17:32.554Z"}
{"level":"info","message":"📡 Environment: development","timestamp":"2026-09-13T17:17:32.560Z"}
{"level":"info","message":"✅ MongoDB Connected: ac-wofqtyj-shard-00-00.9f1a3ua.mongodb.net","timestamp":"2026-09-13T17:17:33.280Z"}
{"level":"error","message":"Get customers error: Cast to ObjectId failed for value \"Sector 5c4\" (type string) at path \"_id\" for model \"Area\"","timestamp":"2026-09-13T17:17:34.751Z"}
{"level":"error","message":"Get customers error: Cast to ObjectId failed for value \"Sector 5c4\" (type string) at path \"_id\" for model \"Area\"","timestamp":"2026-09-13T17:17:34.912Z"}
{"level":"error","message":"Get customers error: Cast to ObjectId failed for value \"Sector 5c4\" (type string) at path \"_id\" for model \"Area\"","timestamp":"2026-09-13T17:17:42.286Z"}
{"level":"error","message":"Get customers error: Cast to ObjectId failed for value \"Sector 5c4\" (type string) at path \"_id\" for model \"Area\"","timestamp":"2026-09-13T17:17:42.458Z"}
{"level":"info","message":"🚀 Server running on port 5000","timestamp":"2026-09-13T17:23:44.166Z"}
{"level":"info","message":"📡 Environment: development","timestamp":"2026-09-13T17:23:44.172Z"}
{"level":"info","message":"✅ MongoDB Connected: ac-wofqtyj-shard-00-00.9f1a3ua.mongodb.net","timestamp":"2026-09-13T17:23:44.853Z"}
{"level":"info","message":"🚀 Server running on port 5000","timestamp":"2026-09-13T17:23:56.797Z"}
{"level":"info","message":"📡 Environment: development","timestamp":"2026-09-13T17:23:56.804Z"}
{"level":"info","message":"✅ MongoDB Connected: ac-wofqtyj-shard-00-00.9f1a3ua.mongodb.net","timestamp":"2026-09-13T17:23:57.439Z"}
{"level":"info","message":"🚀 Server running on port 5000","timestamp":"2026-09-13T17:24:13.901Z"}
{"level":"info","message":"📡 Environment: development","timestamp":"2026-09-13T17:24:13.908Z"}
{"level":"info","message":"🚀 Server running on port 5000","timestamp":"2026-09-13T17:24:16.073Z"}
{"level":"info","message":"📡 Environment: development","timestamp":"2026-09-13T17:24:16.078Z"}
{"level":"info","message":"✅ MongoDB Connected: ac-wofqtyj-shard-00-00.9f1a3ua.mongodb.net","timestamp":"2026-09-13T17:24:17.022Z"}
{"level":"error","message":"Get customers error: Cast to ObjectId failed for value \"Sector 5c4\" (type string) at path \"_id\" for model \"Area\"","timestamp":"2026-09-13T17:24:23.971Z"}
{"level":"error","message":"Get customers error: Cast to ObjectId failed for value \"Sector 5c4\" (type string) at path \"_id\" for model \"Area\"","timestamp":"2026-09-13T17:24:24.124Z"}
{"level":"info","message":"🚀 Server running on port 5000","timestamp":"2026-09-13T17:24:51.447Z"}
{"level":"info","message":"📡 Environment: development","timestamp":"2026-09-13T17:24:51.455Z"}
{"level":"info","message":"✅ MongoDB Connected: ac-wofqtyj-shard-00-00.9f1a3ua.mongodb.net","timestamp":"2026-09-13T17:24:52.154Z"}
{"level":"info","message":"🚀 Server running on port 5000","timestamp":"2026-09-13T17:25:03.004Z"}
{"level":"info","message":"📡 Environment: development","timestamp":"2026-09-13T17:25:03.012Z"}
{"level":"info","message":"✅ MongoDB Connected: ac-wofqtyj-shard-00-00.9f1a3ua.mongodb.net","timestamp":"2026-09-13T17:25:04.585Z"}
{"level":"info","message":"🚀 Server running on port 5000","timestamp":"2026-09-13T17:27:45.810Z"}
{"level":"info","message":"📡 Environment: development","timestamp":"2026-09-13T17:27:45.816Z"}
{"level":"info","message":"✅ MongoDB Connected: ac-wofqtyj-shard-00-00.9f1a3ua.mongodb.net","timestamp":"2026-09-13T17:27:46.538Z"}
{"level":"info","message":"🚀 Server running on port 5000","timestamp":"2026-09-13T18:31:46.184Z"}
{"level":"info","message":"📡 Environment: development","timestamp":"2026-09-13T18:31:46.190Z"}
{"level":"info","message":"✅ MongoDB Connected: ac-wofqtyj-shard-00-00.9f1a3ua.mongodb.net","timestamp":"2026-09-13T18:31:46.842Z"}
{"level":"info","message":"🚀 Server running on port 5000","timestamp":"2026-09-13T18:32:13.607Z"}
{"level":"info","message":"📡 Environment: development","timestamp":"2026-09-13T18:32:13.611Z"}
{"level":"info","message":"✅ MongoDB Connected: ac-wofqtyj-shard-00-00.9f1a3ua.mongodb.net","timestamp":"2026-09-13T18:32:14.183Z"}
{"level":"info","message":"🚀 Server running on port 5000","timestamp":"2026-09-13T18:43:19.424Z"}
{"level":"info","message":"📡 Environment: development","timestamp":"2026-09-13T18:43:19.439Z"}
{"level":"info","message":"✅ MongoDB Connected: ac-wofqtyj-shard-00-00.9f1a3ua.mongodb.net","timestamp":"2026-09-13T18:43:20.035Z"}
{"level":"info","message":"🚀 Server running on port 5000","timestamp":"2026-09-15T05:45:18.834Z"}
{"level":"info","message":"📡 Environment: development","timestamp":"2026-09-15T05:45:18.840Z"}
{"level":"info","message":"✅ MongoDB Connected: ac-wofqtyj-shard-00-00.9f1a3ua.mongodb.net","timestamp":"2026-09-15T05:45:19.627Z"}
{"level":"info","message":"🚀 Server running on port 5000","timestamp":"2026-09-15T05:47:10.490Z"}
{"level":"info","message":"📡 Environment: development","timestamp":"2026-09-15T05:47:10.493Z"}
{"level":"info","message":"✅ MongoDB Connected: ac-wofqtyj-shard-00-00.9f1a3ua.mongodb.net","timestamp":"2026-09-15T05:47:11.064Z"}
{"level":"info","message":"🚀 Server running on port 5000","timestamp":"2026-09-15T05:48:54.483Z"}
{"level":"info","message":"📡 Environment: development","timestamp":"2026-09-15T05:48:54.486Z"}
{"level":"info","message":"✅ MongoDB Connected: ac-wofqtyj-shard-00-00.9f1a3ua.mongodb.net","timestamp":"2026-09-15T05:48:54.989Z"}
{"level":"info","message":"🚀 Server running on port 5000","timestamp":"2026-09-15T05:59:16.888Z"}
{"level":"info","message":"📡 Environment: development","timestamp":"2026-09-15T05:59:16.891Z"}
{"level":"info","message":"✅ MongoDB Connected: ac-wofqtyj-shard-00-00.9f1a3ua.mongodb.net","timestamp":"2026-09-15T05:59:17.516Z"}
{"level":"info","message":"🚀 Server running on port 5000","timestamp":"2026-09-15T06:05:34.036Z"}
{"level":"info","message":"📡 Environment: development","timestamp":"2026-09-15T06:05:34.040Z"}
{"level":"info","message":"✅ MongoDB Connected: ac-wofqtyj-shard-00-00.9f1a3ua.mongodb.net","timestamp":"2026-09-15T06:05:34.627Z"}
{"level":"info","message":"🚀 Server running on port 5000","timestamp":"2026-09-15T06:07:24.627Z"}
{"level":"info","message":"📡 Environment: development","timestamp":"2026-09-15T06:07:24.631Z"}
{"level":"info","message":"✅ MongoDB Connected: ac-wofqtyj-shard-00-00.9f1a3ua.mongodb.net","timestamp":"2026-09-15T06:07:25.302Z"}
{"level":"info","message":"🚀 Server running on port 5000","timestamp":"2026-09-15T08:04:42.324Z"}
{"level":"info","message":"📡 Environment: development","timestamp":"2026-09-15T08:04:42.328Z"}
{"level":"info","message":"✅ MongoDB Connected: ac-wofqtyj-shard-00-00.9f1a3ua.mongodb.net","timestamp":"2026-09-15T08:04:53.447Z"}
{"level":"info","message":"🚀 Server running on port 5000","timestamp":"2026-09-15T08:07:22.459Z"}
{"level":"info","message":"📡 Environment: development","timestamp":"2026-09-15T08:07:22.463Z"}
{"level":"info","message":"✅ MongoDB Connected: ac-wofqtyj-shard-00-00.9f1a3ua.mongodb.net","timestamp":"2026-09-15T08:07:24.068Z"}
{"level":"info","message":"🚀 Server running on port 5000","timestamp":"2026-09-15T08:07:28.940Z"}
{"level":"info","message":"📡 Environment: development","timestamp":"2026-09-15T08:07:28.944Z"}
{"level":"info","message":"✅ MongoDB Connected: ac-wofqtyj-shard-00-00.9f1a3ua.mongodb.net","timestamp":"2026-09-15T08:07:29.445Z"}
{"level":"info","message":"🚀 Server running on port 5000","timestamp":"2026-09-15T08:07:53.130Z"}
{"level":"info","message":"📡 Environment: development","timestamp":"2026-09-15T08:07:53.134Z"}
{"level":"info","message":"✅ MongoDB Connected: ac-wofqtyj-shard-00-00.9f1a3ua.mongodb.net","timestamp":"2026-09-15T08:07:53.620Z"}
{"level":"info","message":"🚀 Server running on port 5000","timestamp":"2026-09-15T08:07:58.597Z"}
{"level":"info","message":"📡 Environment: development","timestamp":"2026-09-15T08:07:58.605Z"}
{"level":"info","message":"✅ MongoDB Connected: ac-wofqtyj-shard-00-00.9f1a3ua.mongodb.net","timestamp":"2026-09-15T08:07:59.122Z"}
{"level":"info","message":"🚀 Server running on port 5000","timestamp":"2026-09-15T08:10:44.833Z"}
{"level":"info","message":"📡 Environment: development","timestamp":"2026-09-15T08:10:44.837Z"}
{"level":"info","message":"✅ MongoDB Connected: ac-wofqtyj-shard-00-00.9f1a3ua.mongodb.net","timestamp":"2026-09-15T08:10:45.374Z"}
{"level":"error","message":"500 - ENOENT: no such file or directory, open 'C:\\Users\\HP\\Documents\\Smart-Recovery\\smart-recovery\\backend\\uploads\\bulk-1789460155274-79358805.csv' - /api/customers/bulk-upload - POST - ::1","timestamp":"2026-09-15T08:15:55.278Z"}
{"level":"info","message":"🚀 Server running on port 5000","timestamp":"2026-09-15T08:18:38.883Z"}
{"level":"info","message":"📡 Environment: development","timestamp":"2026-09-15T08:18:38.887Z"}
{"level":"info","message":"✅ MongoDB Connected: ac-wofqtyj-shard-00-00.9f1a3ua.mongodb.net","timestamp":"2026-09-15T08:18:39.402Z"}
{"level":"info","message":"🚀 Server running on port 5000","timestamp":"2026-09-15T08:24:49.181Z"}
{"level":"info","message":"📡 Environment: development","timestamp":"2026-09-15T08:24:49.185Z"}
{"level":"info","message":"✅ MongoDB Connected: ac-wofqtyj-shard-00-00.9f1a3ua.mongodb.net","timestamp":"2026-09-15T08:24:49.739Z"}
{"level":"info","message":"🚀 Server running on port 5000","timestamp":"2026-09-15T08:25:13.265Z"}
{"level":"info","message":"📡 Environment: development","timestamp":"2026-09-15T08:25:13.268Z"}
{"level":"info","message":"✅ MongoDB Connected: ac-wofqtyj-shard-00-00.9f1a3ua.mongodb.net","timestamp":"2026-09-15T08:25:13.754Z"}
{"level":"info","message":"🚀 Server running on port 5000","timestamp":"2026-09-15T08:27:31.113Z"}
{"level":"info","message":"📡 Environment: development","timestamp":"2026-09-15T08:27:31.116Z"}
{"level":"info","message":"✅ MongoDB Connected: ac-wofqtyj-shard-00-00.9f1a3ua.mongodb.net","timestamp":"2026-09-15T08:27:31.658Z"}
{"level":"info","message":"🚀 Server running on port 5000","timestamp":"2026-09-15T08:27:32.658Z"}
{"level":"info","message":"📡 Environment: development","timestamp":"2026-09-15T08:27:32.663Z"}
{"level":"info","message":"✅ MongoDB Connected: ac-wofqtyj-shard-00-00.9f1a3ua.mongodb.net","timestamp":"2026-09-15T08:27:33.155Z"}
{"level":"info","message":"🚀 Server running on port 5000","timestamp":"2026-09-15T08:28:07.248Z"}
{"level":"info","message":"📡 Environment: development","timestamp":"2026-09-15T08:28:07.252Z"}
{"level":"info","message":"✅ MongoDB Connected: ac-wofqtyj-shard-00-00.9f1a3ua.mongodb.net","timestamp":"2026-09-15T08:28:07.744Z"}
{"level":"info","message":"🚀 Server running on port 5000","timestamp":"2026-09-15T08:50:33.247Z"}
{"level":"info","message":"📡 Environment: development","timestamp":"2026-09-15T08:50:33.250Z"}
{"level":"info","message":"✅ MongoDB Connected: ac-wofqtyj-shard-00-00.9f1a3ua.mongodb.net","timestamp":"2026-09-15T08:50:33.827Z"}
{"level":"info","message":"🚀 Server running on port 5000","timestamp":"2026-09-15T08:58:46.445Z"}
{"level":"info","message":"📡 Environment: development","timestamp":"2026-09-15T08:58:46.449Z"}
{"level":"info","message":"✅ MongoDB Connected: ac-wofqtyj-shard-00-00.9f1a3ua.mongodb.net","timestamp":"2026-09-15T08:58:47.064Z"}
{"level":"info","message":"🚀 Server running on port 5000","timestamp":"2026-09-15T09:47:58.552Z"}
{"level":"info","message":"📡 Environment: development","timestamp":"2026-09-15T09:47:58.557Z"}
{"level":"info","message":"✅ MongoDB Connected: ac-wofqtyj-shard-00-00.9f1a3ua.mongodb.net","timestamp":"2026-09-15T09:47:59.164Z"}
{"level":"info","message":"🚀 Server running on port 5000","timestamp":"2026-09-15T09:49:03.394Z"}
{"level":"info","message":"📡 Environment: development","timestamp":"2026-09-15T09:49:03.401Z"}
{"level":"info","message":"✅ MongoDB Connected: ac-wofqtyj-shard-00-00.9f1a3ua.mongodb.net","timestamp":"2026-09-15T09:49:03.969Z"}
{"level":"info","message":"🚀 Server running on port 5000","timestamp":"2026-09-15T10:34:36.185Z"}
{"level":"info","message":"📡 Environment: development","timestamp":"2026-09-15T10:34:36.197Z"}
{"level":"info","message":"✅ MongoDB Connected: ac-wofqtyj-shard-00-00.9f1a3ua.mongodb.net","timestamp":"2026-09-15T10:34:36.802Z"}
{"level":"info","message":"🚀 Server running on port 5000","timestamp":"2026-09-15T10:45:24.952Z"}
{"level":"info","message":"📡 Environment: development","timestamp":"2026-09-15T10:45:24.961Z"}
{"level":"info","message":"✅ MongoDB Connected: ac-wofqtyj-shard-00-00.9f1a3ua.mongodb.net","timestamp":"2026-09-15T10:45:25.552Z"}
{"level":"info","message":"🚀 Server running on port 5000","timestamp":"2026-09-16T05:31:59.141Z"}
{"level":"info","message":"📡 Environment: development","timestamp":"2026-09-16T05:31:59.145Z"}
{"level":"info","message":"✅ MongoDB Connected: ac-wofqtyj-shard-00-00.9f1a3ua.mongodb.net","timestamp":"2026-09-16T05:31:59.799Z"}
{"level":"info","message":"🚀 Server running on port 5000","timestamp":"2026-09-16T06:18:41.762Z"}
{"level":"info","message":"📡 Environment: development","timestamp":"2026-09-16T06:18:41.767Z"}
{"level":"info","message":"✅ MongoDB Connected: ac-wofqtyj-shard-00-00.9f1a3ua.mongodb.net","timestamp":"2026-09-16T06:18:42.417Z"}
{"level":"info","message":"🚀 Server running on port 5000","timestamp":"2026-09-16T06:33:54.435Z"}
{"level":"info","message":"📡 Environment: development","timestamp":"2026-09-16T06:33:54.438Z"}
{"level":"info","message":"✅ MongoDB Connected: ac-wofqtyj-shard-00-00.9f1a3ua.mongodb.net","timestamp":"2026-09-16T06:33:54.991Z"}
{"level":"info","message":"🚀 Server running on port 5000","timestamp":"2026-09-16T06:34:23.093Z"}
{"level":"info","message":"📡 Environment: development","timestamp":"2026-09-16T06:34:23.097Z"}
{"level":"info","message":"✅ MongoDB Connected: ac-wofqtyj-shard-00-00.9f1a3ua.mongodb.net","timestamp":"2026-09-16T06:34:23.577Z"}
{"level":"info","message":"🚀 Server running on port 5000","timestamp":"2026-09-16T06:41:48.000Z"}
{"level":"info","message":"📡 Environment: development","timestamp":"2026-09-16T06:41:48.005Z"}
{"level":"info","message":"✅ MongoDB Connected: ac-wofqtyj-shard-00-00.9f1a3ua.mongodb.net","timestamp":"2026-09-16T06:41:48.648Z"}
{"level":"info","message":"🚀 Server running on port 5000","timestamp":"2026-09-16T06:46:08.035Z"}
{"level":"info","message":"📡 Environment: development","timestamp":"2026-09-16T06:46:08.039Z"}
{"level":"info","message":"✅ MongoDB Connected: ac-wofqtyj-shard-00-00.9f1a3ua.mongodb.net","timestamp":"2026-09-16T06:46:08.732Z"}
{"level":"info","message":"🚀 Server running on port 5000","timestamp":"2026-09-16T06:49:59.381Z"}
{"level":"info","message":"📡 Environment: development","timestamp":"2026-09-16T06:49:59.390Z"}
{"level":"info","message":"✅ MongoDB Connected: ac-wofqtyj-shard-00-00.9f1a3ua.mongodb.net","timestamp":"2026-09-16T06:49:59.913Z"}
{"level":"info","message":"🚀 Server running on port 5000","timestamp":"2026-09-16T06:50:50.595Z"}
{"level":"info","message":"📡 Environment: development","timestamp":"2026-09-16T06:50:50.598Z"}
{"level":"info","message":"✅ MongoDB Connected: ac-wofqtyj-shard-00-00.9f1a3ua.mongodb.net","timestamp":"2026-09-16T06:50:51.117Z"}
{"level":"info","message":"🚀 Server running on port 5000","timestamp":"2026-09-16T07:10:56.716Z"}
{"level":"info","message":"📡 Environment: development","timestamp":"2026-09-16T07:10:56.720Z"}
{"level":"info","message":"✅ MongoDB Connected: ac-wofqtyj-shard-00-00.9f1a3ua.mongodb.net","timestamp":"2026-09-16T07:10:57.348Z"}
{"level":"info","message":"🚀 Server running on port 5000","timestamp":"2026-09-16T07:45:40.851Z"}
{"level":"info","message":"📡 Environment: development","timestamp":"2026-09-16T07:45:40.855Z"}
{"level":"info","message":"✅ MongoDB Connected: ac-wofqtyj-shard-00-00.9f1a3ua.mongodb.net","timestamp":"2026-09-16T07:45:41.446Z"}
{"level":"info","message":"🚀 Server running on port 5000","timestamp":"2026-09-16T07:51:15.341Z"}
{"level":"info","message":"📡 Environment: development","timestamp":"2026-09-16T07:51:15.345Z"}
{"level":"info","message":"✅ MongoDB Connected: ac-wofqtyj-shard-00-00.9f1a3ua.mongodb.net","timestamp":"2026-09-16T07:51:15.962Z"}
{"level":"info","message":"🚀 Server running on port 5000","timestamp":"2026-09-16T07:51:22.208Z"}
{"level":"info","message":"📡 Environment: development","timestamp":"2026-09-16T07:51:22.211Z"}
{"level":"info","message":"✅ MongoDB Connected: ac-wofqtyj-shard-00-00.9f1a3ua.mongodb.net","timestamp":"2026-09-16T07:51:22.723Z"}
{"level":"info","message":"🚀 Server running on port 5000","timestamp":"2026-09-16T07:51:45.774Z"}
{"level":"info","message":"📡 Environment: development","timestamp":"2026-09-16T07:51:45.777Z"}
{"level":"info","message":"✅ MongoDB Connected: ac-wofqtyj-shard-00-00.9f1a3ua.mongodb.net","timestamp":"2026-09-16T07:51:46.342Z"}
{"level":"info","message":"🚀 Server running on port 5000","timestamp":"2026-09-16T07:51:52.241Z"}
{"level":"info","message":"📡 Environment: development","timestamp":"2026-09-16T07:51:52.244Z"}
{"level":"info","message":"✅ MongoDB Connected: ac-wofqtyj-shard-00-00.9f1a3ua.mongodb.net","timestamp":"2026-09-16T07:51:52.745Z"}
{"level":"info","message":"🚀 Server running on port 5000","timestamp":"2026-09-16T07:52:13.082Z"}
{"level":"info","message":"📡 Environment: development","timestamp":"2026-09-16T07:52:13.091Z"}
{"level":"info","message":"✅ MongoDB Connected: ac-wofqtyj-shard-00-00.9f1a3ua.mongodb.net","timestamp":"2026-09-16T07:52:13.614Z"}
{"level":"info","message":"🚀 Server running on port 5000","timestamp":"2026-09-16T07:52:19.683Z"}
{"level":"info","message":"📡 Environment: development","timestamp":"2026-09-16T07:52:19.687Z"}
{"level":"info","message":"✅ MongoDB Connected: ac-wofqtyj-shard-00-00.9f1a3ua.mongodb.net","timestamp":"2026-09-16T07:52:20.517Z"}
{"level":"info","message":"✅ MongoDB Connected: ac-wofqtyj-shard-00-00.9f1a3ua.mongodb.net","timestamp":"2026-09-16T08:12:54.710Z"}
{"level":"info","message":"🚀 Server running on port 5000","timestamp":"2026-09-16T08:13:00.797Z"}
{"level":"info","message":"📡 Environment: development","timestamp":"2026-09-16T08:13:00.804Z"}
{"level":"info","message":"✅ MongoDB Connected: ac-wofqtyj-shard-00-00.9f1a3ua.mongodb.net","timestamp":"2026-09-16T08:13:01.294Z"}
{"level":"info","message":"🚀 Server running on port 5000","timestamp":"2026-09-16T08:27:37.092Z"}
{"level":"info","message":"📡 Environment: development","timestamp":"2026-09-16T08:27:37.096Z"}
{"level":"info","message":"✅ MongoDB Connected: ac-wofqtyj-shard-00-00.9f1a3ua.mongodb.net","timestamp":"2026-09-16T08:27:37.705Z"}
{"level":"info","message":"🚀 Server running on port 5000","timestamp":"2026-09-16T08:27:43.841Z"}
{"level":"info","message":"📡 Environment: development","timestamp":"2026-09-16T08:27:43.845Z"}
{"level":"info","message":"✅ MongoDB Connected: ac-wofqtyj-shard-00-00.9f1a3ua.mongodb.net","timestamp":"2026-09-16T08:27:44.343Z"}
{"level":"info","message":"🚀 Server running on port 5000","timestamp":"2026-09-16T08:28:09.599Z"}
{"level":"info","message":"📡 Environment: development","timestamp":"2026-09-16T08:28:09.603Z"}
{"level":"info","message":"✅ MongoDB Connected: ac-wofqtyj-shard-00-00.9f1a3ua.mongodb.net","timestamp":"2026-09-16T08:28:10.112Z"}
{"level":"info","message":"🚀 Server running on port 5000","timestamp":"2026-09-16T08:28:15.489Z"}
{"level":"info","message":"📡 Environment: development","timestamp":"2026-09-16T08:28:15.494Z"}
{"level":"info","message":"✅ MongoDB Connected: ac-wofqtyj-shard-00-00.9f1a3ua.mongodb.net","timestamp":"2026-09-16T08:28:15.984Z"}
{"level":"info","message":"🚀 Server running on port 5000","timestamp":"2026-09-16T08:28:32.975Z"}
{"level":"info","message":"📡 Environment: development","timestamp":"2026-09-16T08:28:32.979Z"}
{"level":"info","message":"✅ MongoDB Connected: ac-wofqtyj-shard-00-00.9f1a3ua.mongodb.net","timestamp":"2026-09-16T08:28:33.477Z"}
{"level":"info","message":"🚀 Server running on port 5000","timestamp":"2026-09-16T08:28:38.412Z"}
{"level":"info","message":"📡 Environment: development","timestamp":"2026-09-16T08:28:38.416Z"}
{"level":"info","message":"✅ MongoDB Connected: ac-wofqtyj-shard-00-00.9f1a3ua.mongodb.net","timestamp":"2026-09-16T08:28:38.947Z"}
{"level":"info","message":"🚀 Server running on port 5000","timestamp":"2026-09-16T08:29:09.688Z"}
{"level":"info","message":"📡 Environment: development","timestamp":"2026-09-16T08:29:09.693Z"}
{"level":"info","message":"✅ MongoDB Connected: ac-wofqtyj-shard-00-00.9f1a3ua.mongodb.net","timestamp":"2026-09-16T08:29:10.189Z"}
{"level":"info","message":"🚀 Server running on port 5000","timestamp":"2026-09-16T09:02:59.331Z"}
{"level":"info","message":"📡 Environment: development","timestamp":"2026-09-16T09:02:59.339Z"}
{"level":"info","message":"✅ MongoDB Connected: ac-wofqtyj-shard-00-00.9f1a3ua.mongodb.net","timestamp":"2026-09-16T09:03:00.089Z"}
{"level":"info","message":"🚀 Server running on port 5000","timestamp":"2026-09-16T09:05:54.066Z"}
{"level":"info","message":"📡 Environment: development","timestamp":"2026-09-16T09:05:54.070Z"}
{"level":"info","message":"✅ MongoDB Connected: ac-wofqtyj-shard-00-00.9f1a3ua.mongodb.net","timestamp":"2026-09-16T09:05:54.675Z"}
{"level":"info","message":"🚀 Server running on port 5000","timestamp":"2026-09-16T09:09:52.507Z"}
{"level":"info","message":"📡 Environment: development","timestamp":"2026-09-16T09:09:52.512Z"}
{"level":"info","message":"✅ MongoDB Connected: ac-wofqtyj-shard-00-00.9f1a3ua.mongodb.net","timestamp":"2026-09-16T09:09:53.049Z"}
{"level":"info","message":"🚀 Server running on port 5000","timestamp":"2026-09-16T09:10:29.213Z"}
{"level":"info","message":"📡 Environment: development","timestamp":"2026-09-16T09:10:29.219Z"}
{"level":"info","message":"✅ MongoDB Connected: ac-wofqtyj-shard-00-00.9f1a3ua.mongodb.net","timestamp":"2026-09-16T09:10:30.223Z"}
{"level":"info","message":"🚀 Server running on port 5000","timestamp":"2026-09-16T09:48:00.799Z"}
{"level":"info","message":"📡 Environment: development","timestamp":"2026-09-16T09:48:00.802Z"}
{"level":"info","message":"✅ MongoDB Connected: ac-wofqtyj-shard-00-00.9f1a3ua.mongodb.net","timestamp":"2026-09-16T09:48:02.590Z"}
{"level":"info","message":"🚀 Server running on port 5000","timestamp":"2026-09-17T05:48:17.359Z"}
{"level":"info","message":"📡 Environment: development","timestamp":"2026-09-17T05:48:17.369Z"}
{"level":"info","message":"✅ MongoDB Connected: ac-wofqtyj-shard-00-00.9f1a3ua.mongodb.net","timestamp":"2026-09-17T05:48:17.969Z"}
{"level":"info","message":"🚀 Server running on port 5000","timestamp":"2026-09-17T06:11:57.827Z"}
{"level":"info","message":"📡 Environment: development","timestamp":"2026-09-17T06:11:57.834Z"}
{"level":"info","message":"✅ MongoDB Connected: ac-wofqtyj-shard-00-00.9f1a3ua.mongodb.net","timestamp":"2026-09-17T06:11:58.365Z"}
{"level":"info","message":"🚀 Server running on port 5000","timestamp":"2026-09-17T06:12:02.974Z"}
{"level":"info","message":"📡 Environment: development","timestamp":"2026-09-17T06:12:02.981Z"}
{"level":"info","message":"✅ MongoDB Connected: ac-wofqtyj-shard-00-00.9f1a3ua.mongodb.net","timestamp":"2026-09-17T06:12:03.496Z"}
{"level":"info","message":"🚀 Server running on port 5000","timestamp":"2026-09-17T06:13:30.439Z"}
{"level":"info","message":"📡 Environment: development","timestamp":"2026-09-17T06:13:30.444Z"}
{"level":"info","message":"✅ MongoDB Connected: ac-wofqtyj-shard-00-00.9f1a3ua.mongodb.net","timestamp":"2026-09-17T06:13:30.976Z"}
{"level":"info","message":"🚀 Server running on port 5000","timestamp":"2026-09-17T06:13:56.901Z"}
{"level":"info","message":"📡 Environment: development","timestamp":"2026-09-17T06:13:56.906Z"}
{"level":"info","message":"✅ MongoDB Connected: ac-wofqtyj-shard-00-00.9f1a3ua.mongodb.net","timestamp":"2026-09-17T06:13:57.449Z"}
{"level":"info","message":"🚀 Server running on port 5000","timestamp":"2026-09-17T07:02:23.635Z"}
{"level":"info","message":"📡 Environment: development","timestamp":"2026-09-17T07:02:23.640Z"}
{"level":"info","message":"✅ MongoDB Connected: ac-wofqtyj-shard-00-00.9f1a3ua.mongodb.net","timestamp":"2026-09-17T07:02:24.204Z"}
{"level":"info","message":"🚀 Server running on port 5000","timestamp":"2026-09-17T07:02:37.893Z"}
{"level":"info","message":"📡 Environment: development","timestamp":"2026-09-17T07:02:37.899Z"}
{"level":"info","message":"✅ MongoDB Connected: ac-wofqtyj-shard-00-00.9f1a3ua.mongodb.net","timestamp":"2026-09-17T07:02:38.432Z"}
{"level":"info","message":"🚀 Server running on port 5000","timestamp":"2026-09-17T07:02:43.742Z"}
{"level":"info","message":"📡 Environment: development","timestamp":"2026-09-17T07:02:43.748Z"}
{"level":"info","message":"✅ MongoDB Connected: ac-wofqtyj-shard-00-00.9f1a3ua.mongodb.net","timestamp":"2026-09-17T07:02:44.258Z"}
{"level":"info","message":"🚀 Server running on port 5000","timestamp":"2026-09-17T07:03:08.104Z"}
{"level":"info","message":"📡 Environment: development","timestamp":"2026-09-17T07:03:08.115Z"}
{"level":"info","message":"✅ MongoDB Connected: ac-wofqtyj-shard-00-00.9f1a3ua.mongodb.net","timestamp":"2026-09-17T07:03:08.679Z"}
{"level":"info","message":"🚀 Server running on port 5000","timestamp":"2026-09-17T07:03:14.251Z"}
{"level":"info","message":"📡 Environment: development","timestamp":"2026-09-17T07:03:14.255Z"}
{"level":"info","message":"✅ MongoDB Connected: ac-wofqtyj-shard-00-00.9f1a3ua.mongodb.net","timestamp":"2026-09-17T07:03:14.782Z"}
{"level":"info","message":"🚀 Server running on port 5000","timestamp":"2026-09-17T07:03:37.843Z"}
{"level":"info","message":"📡 Environment: development","timestamp":"2026-09-17T07:03:37.850Z"}
{"level":"info","message":"✅ MongoDB Connected: ac-wofqtyj-shard-00-00.9f1a3ua.mongodb.net","timestamp":"2026-09-17T07:03:38.389Z"}
{"level":"info","message":"🚀 Server running on port 5000","timestamp":"2026-09-17T07:09:19.502Z"}
{"level":"info","message":"📡 Environment: development","timestamp":"2026-09-17T07:09:19.506Z"}
{"level":"info","message":"✅ MongoDB Connected: ac-wofqtyj-shard-00-00.9f1a3ua.mongodb.net","timestamp":"2026-09-17T07:09:20.063Z"}
{"level":"info","message":"🚀 Server running on port 5000","timestamp":"2026-09-17T10:45:56.388Z"}
{"level":"info","message":"📡 Environment: development","timestamp":"2026-09-17T10:45:56.414Z"}
{"level":"info","message":"✅ MongoDB Connected: ac-wofqtyj-shard-00-00.9f1a3ua.mongodb.net","timestamp":"2026-09-17T10:45:57.158Z"}
{"level":"info","message":"🚀 Server running on port 5000","timestamp":"2026-09-18T05:33:51.895Z"}
{"level":"info","message":"📡 Environment: development","timestamp":"2026-09-18T05:33:51.898Z"}
{"level":"info","message":"✅ MongoDB Connected: ac-wofqtyj-shard-00-00.9f1a3ua.mongodb.net","timestamp":"2026-09-18T05:33:52.624Z"}
{"level":"info","message":"🚀 Server running on port 5000","timestamp":"2026-09-18T05:47:41.756Z"}
{"level":"info","message":"📡 Environment: development","timestamp":"2026-09-18T05:47:41.760Z"}
{"level":"info","message":"✅ MongoDB Connected: ac-wofqtyj-shard-00-00.9f1a3ua.mongodb.net","timestamp":"2026-09-18T05:47:42.438Z"}
{"level":"info","message":"🚀 Server running on port 5000","timestamp":"2026-09-18T07:02:58.386Z"}
{"level":"info","message":"📡 Environment: development","timestamp":"2026-09-18T07:02:58.391Z"}
{"level":"info","message":"✅ MongoDB Connected: ac-wofqtyj-shard-00-00.9f1a3ua.mongodb.net","timestamp":"2026-09-18T07:02:59.210Z"}
{"level":"info","message":"🚀 Server running on port 5000","timestamp":"2026-09-18T07:03:09.483Z"}
{"level":"info","message":"📡 Environment: development","timestamp":"2026-09-18T07:03:09.488Z"}
{"level":"info","message":"✅ MongoDB Connected: ac-wofqtyj-shard-00-00.9f1a3ua.mongodb.net","timestamp":"2026-09-18T07:03:10.115Z"}
{"level":"info","message":"🚀 Server running on port 5000","timestamp":"2026-09-18T07:03:45.362Z"}
{"level":"info","message":"📡 Environment: development","timestamp":"2026-09-18T07:03:45.367Z"}
{"level":"info","message":"✅ MongoDB Connected: ac-wofqtyj-shard-00-00.9f1a3ua.mongodb.net","timestamp":"2026-09-18T07:03:45.982Z"}
{"level":"info","message":"🚀 Server running on port 5000","timestamp":"2026-09-18T07:03:51.816Z"}
{"level":"info","message":"📡 Environment: development","timestamp":"2026-09-18T07:03:51.820Z"}
{"level":"info","message":"✅ MongoDB Connected: ac-wofqtyj-shard-00-00.9f1a3ua.mongodb.net","timestamp":"2026-09-18T07:03:52.423Z"}
{"level":"info","message":"🚀 Server running on port 5000","timestamp":"2026-09-18T07:04:25.566Z"}
{"level":"info","message":"📡 Environment: development","timestamp":"2026-09-18T07:04:25.571Z"}
{"level":"info","message":"✅ MongoDB Connected: ac-wofqtyj-shard-00-00.9f1a3ua.mongodb.net","timestamp":"2026-09-18T07:04:26.212Z"}
{"level":"info","message":"🚀 Server running on port 5000","timestamp":"2026-09-18T07:04:33.852Z"}
{"level":"info","message":"📡 Environment: development","timestamp":"2026-09-18T07:04:33.856Z"}
{"level":"info","message":"✅ MongoDB Connected: ac-wofqtyj-shard-00-00.9f1a3ua.mongodb.net","timestamp":"2026-09-18T07:04:34.460Z"}
{"level":"info","message":"🚀 Server running on port 5000","timestamp":"2026-09-18T07:06:06.224Z"}
{"level":"info","message":"📡 Environment: development","timestamp":"2026-09-18T07:06:06.229Z"}
{"level":"info","message":"✅ MongoDB Connected: ac-wofqtyj-shard-00-00.9f1a3ua.mongodb.net","timestamp":"2026-09-18T07:06:06.878Z"}
{"level":"info","message":"🚀 Server running on port 5000","timestamp":"2026-09-18T07:06:23.146Z"}
{"level":"info","message":"📡 Environment: development","timestamp":"2026-09-18T07:06:23.149Z"}
{"level":"info","message":"✅ MongoDB Connected: ac-wofqtyj-shard-00-00.9f1a3ua.mongodb.net","timestamp":"2026-09-18T07:06:23.755Z"}
{"level":"info","message":"🚀 Server running on port 5000","timestamp":"2026-09-18T07:07:16.152Z"}
{"level":"info","message":"📡 Environment: development","timestamp":"2026-09-18T07:07:16.156Z"}
{"level":"info","message":"✅ MongoDB Connected: ac-wofqtyj-shard-00-00.9f1a3ua.mongodb.net","timestamp":"2026-09-18T07:07:16.859Z"}
{"level":"info","message":"🚀 Server running on port 5000","timestamp":"2026-09-18T07:07:24.388Z"}
{"level":"info","message":"📡 Environment: development","timestamp":"2026-09-18T07:07:24.391Z"}
{"level":"info","message":"✅ MongoDB Connected: ac-wofqtyj-shard-00-00.9f1a3ua.mongodb.net","timestamp":"2026-09-18T07:07:24.996Z"}
{"level":"info","message":"🚀 Server running on port 5000","timestamp":"2026-09-18T07:07:59.362Z"}
{"level":"info","message":"📡 Environment: development","timestamp":"2026-09-18T07:07:59.367Z"}
{"level":"info","message":"✅ MongoDB Connected: ac-wofqtyj-shard-00-00.9f1a3ua.mongodb.net","timestamp":"2026-09-18T07:08:00.035Z"}
{"level":"info","message":"🚀 Server running on port 5000","timestamp":"2026-09-18T07:08:04.542Z"}
{"level":"info","message":"📡 Environment: development","timestamp":"2026-09-18T07:08:04.545Z"}
{"level":"info","message":"✅ MongoDB Connected: ac-wofqtyj-shard-00-00.9f1a3ua.mongodb.net","timestamp":"2026-09-18T07:08:05.175Z"}
{"level":"info","message":"🚀 Server running on port 5000","timestamp":"2026-09-18T07:09:21.487Z"}
{"level":"info","message":"📡 Environment: development","timestamp":"2026-09-18T07:09:21.491Z"}
{"level":"info","message":"✅ MongoDB Connected: ac-wofqtyj-shard-00-00.9f1a3ua.mongodb.net","timestamp":"2026-09-18T07:09:22.292Z"}
{"level":"info","message":"🚀 Server running on port 5000","timestamp":"2026-09-18T07:09:28.100Z"}
{"level":"info","message":"📡 Environment: development","timestamp":"2026-09-18T07:09:28.103Z"}
{"level":"info","message":"✅ MongoDB Connected: ac-wofqtyj-shard-00-00.9f1a3ua.mongodb.net","timestamp":"2026-09-18T07:09:28.736Z"}
{"level":"info","message":"🚀 Server running on port 5000","timestamp":"2026-09-18T07:10:25.722Z"}
{"level":"info","message":"📡 Environment: development","timestamp":"2026-09-18T07:10:25.726Z"}
{"level":"info","message":"✅ MongoDB Connected: ac-wofqtyj-shard-00-00.9f1a3ua.mongodb.net","timestamp":"2026-09-18T07:10:26.340Z"}
{"level":"info","message":"🚀 Server running on port 5000","timestamp":"2026-09-18T07:14:36.646Z"}
{"level":"info","message":"📡 Environment: development","timestamp":"2026-09-18T07:14:36.650Z"}
{"level":"info","message":"✅ MongoDB Connected: ac-wofqtyj-shard-00-00.9f1a3ua.mongodb.net","timestamp":"2026-09-18T07:14:37.339Z"}
{"level":"info","message":"🚀 Server running on port 5000","timestamp":"2026-09-18T07:15:18.220Z"}
{"level":"info","message":"📡 Environment: development","timestamp":"2026-09-18T07:15:18.226Z"}
{"level":"info","message":"✅ MongoDB Connected: ac-wofqtyj-shard-00-00.9f1a3ua.mongodb.net","timestamp":"2026-09-18T07:15:18.824Z"}
{"level":"info","message":"🚀 Server running on port 5000","timestamp":"2026-09-18T07:15:41.872Z"}
{"level":"info","message":"📡 Environment: development","timestamp":"2026-09-18T07:15:41.878Z"}
{"level":"info","message":"✅ MongoDB Connected: ac-wofqtyj-shard-00-00.9f1a3ua.mongodb.net","timestamp":"2026-09-18T07:15:42.581Z"}
{"level":"info","message":"🚀 Server running on port 5000","timestamp":"2026-09-18T07:16:09.210Z"}
{"level":"info","message":"📡 Environment: development","timestamp":"2026-09-18T07:16:09.216Z"}
{"level":"info","message":"✅ MongoDB Connected: ac-wofqtyj-shard-00-00.9f1a3ua.mongodb.net","timestamp":"2026-09-18T07:16:09.823Z"}
{"level":"info","message":"🚀 Server running on port 5000","timestamp":"2026-09-18T07:16:14.906Z"}
{"level":"info","message":"📡 Environment: development","timestamp":"2026-09-18T07:16:14.910Z"}
{"level":"info","message":"✅ MongoDB Connected: ac-wofqtyj-shard-00-00.9f1a3ua.mongodb.net","timestamp":"2026-09-18T07:16:15.543Z"}
{"level":"info","message":"🚀 Server running on port 5000","timestamp":"2026-09-18T07:16:31.092Z"}
{"level":"info","message":"📡 Environment: development","timestamp":"2026-09-18T07:16:31.096Z"}
{"level":"info","message":"✅ MongoDB Connected: ac-wofqtyj-shard-00-00.9f1a3ua.mongodb.net","timestamp":"2026-09-18T07:16:31.754Z"}
{"level":"info","message":"🚀 Server running on port 5000","timestamp":"2026-09-18T07:17:15.716Z"}
{"level":"info","message":"📡 Environment: development","timestamp":"2026-09-18T07:17:15.720Z"}
{"level":"info","message":"✅ MongoDB Connected: ac-wofqtyj-shard-00-00.9f1a3ua.mongodb.net","timestamp":"2026-09-18T07:17:16.295Z"}
{"level":"info","message":"🚀 Server running on port 5000","timestamp":"2026-09-18T07:17:21.458Z"}
{"level":"info","message":"📡 Environment: development","timestamp":"2026-09-18T07:17:21.462Z"}
{"level":"info","message":"✅ MongoDB Connected: ac-wofqtyj-shard-00-00.9f1a3ua.mongodb.net","timestamp":"2026-09-18T07:17:22.088Z"}
{"level":"info","message":"🚀 Server running on port 5000","timestamp":"2026-09-18T07:18:10.911Z"}
{"level":"info","message":"📡 Environment: development","timestamp":"2026-09-18T07:18:10.916Z"}
{"level":"info","message":"✅ MongoDB Connected: ac-wofqtyj-shard-00-00.9f1a3ua.mongodb.net","timestamp":"2026-09-18T07:18:11.490Z"}
{"level":"info","message":"🚀 Server running on port 5000","timestamp":"2026-09-18T09:02:31.635Z"}
{"level":"info","message":"📡 Environment: development","timestamp":"2026-09-18T09:02:31.638Z"}
{"level":"info","message":"✅ MongoDB Connected: ac-wofqtyj-shard-00-00.9f1a3ua.mongodb.net","timestamp":"2026-09-18T09:02:32.238Z"}
{"level":"info","message":"🚀 Server running on port 5000","timestamp":"2026-09-19T05:38:56.152Z"}
{"level":"info","message":"📡 Environment: development","timestamp":"2026-09-19T05:38:56.157Z"}
{"level":"info","message":"✅ MongoDB Connected: ac-wofqtyj-shard-00-00.9f1a3ua.mongodb.net","timestamp":"2026-09-19T05:38:56.759Z"}
{"level":"info","message":"🚀 Server running on port 5000","timestamp":"2026-09-21T06:58:24.224Z"}
{"level":"info","message":"📡 Environment: development","timestamp":"2026-09-21T06:58:24.230Z"}
{"level":"info","message":"✅ MongoDB Connected: ac-wofqtyj-shard-00-00.9f1a3ua.mongodb.net","timestamp":"2026-09-21T06:58:24.813Z"}
{"level":"info","message":"🚀 Server running on port 5000","timestamp":"2026-09-21T06:58:42.957Z"}
{"level":"info","message":"📡 Environment: development","timestamp":"2026-09-21T06:58:42.963Z"}
{"level":"info","message":"✅ MongoDB Connected: ac-wofqtyj-shard-00-00.9f1a3ua.mongodb.net","timestamp":"2026-09-21T06:58:43.573Z"}
{"level":"info","message":"🚀 Server running on port 5000","timestamp":"2026-09-21T07:11:39.656Z"}
{"level":"info","message":"📡 Environment: development","timestamp":"2026-09-21T07:11:39.660Z"}
{"level":"info","message":"✅ MongoDB Connected: ac-wofqtyj-shard-00-00.9f1a3ua.mongodb.net","timestamp":"2026-09-21T07:11:43.035Z"}
{"level":"info","message":"🚀 Server running on port 5000","timestamp":"2026-09-21T07:12:58.329Z"}
{"level":"info","message":"📡 Environment: development","timestamp":"2026-09-21T07:12:58.333Z"}
{"level":"info","message":"✅ MongoDB Connected: ac-wofqtyj-shard-00-00.9f1a3ua.mongodb.net","timestamp":"2026-09-21T07:12:58.882Z"}
{"level":"info","message":"🚀 Server running on port 5000","timestamp":"2026-09-21T07:34:50.928Z"}
{"level":"info","message":"📡 Environment: development","timestamp":"2026-09-21T07:34:50.932Z"}
{"level":"info","message":"✅ MongoDB Connected: ac-wofqtyj-shard-00-00.9f1a3ua.mongodb.net","timestamp":"2026-09-21T07:34:51.414Z"}
{"level":"info","message":"🚀 Server running on port 5000","timestamp":"2026-09-21T07:35:05.431Z"}
{"level":"info","message":"📡 Environment: development","timestamp":"2026-09-21T07:35:05.434Z"}
{"level":"info","message":"✅ MongoDB Connected: ac-wofqtyj-shard-00-00.9f1a3ua.mongodb.net","timestamp":"2026-09-21T07:35:05.956Z"}
{"level":"info","message":"🚀 Server running on port 5000","timestamp":"2026-09-21T07:35:23.671Z"}
{"level":"info","message":"📡 Environment: development","timestamp":"2026-09-21T07:35:23.677Z"}
{"level":"info","message":"✅ MongoDB Connected: ac-wofqtyj-shard-00-00.9f1a3ua.mongodb.net","timestamp":"2026-09-21T07:35:24.210Z"}
{"level":"info","message":"🚀 Server running on port 5000","timestamp":"2026-09-21T07:47:23.395Z"}
{"level":"info","message":"📡 Environment: development","timestamp":"2026-09-21T07:47:23.399Z"}
{"level":"info","message":"✅ MongoDB Connected: ac-wofqtyj-shard-00-00.9f1a3ua.mongodb.net","timestamp":"2026-09-21T07:47:24.884Z"}
{"level":"info","message":"🚀 Server running on port 5000","timestamp":"2026-09-21T08:08:31.385Z"}
{"level":"info","message":"📡 Environment: development","timestamp":"2026-09-21T08:08:31.389Z"}
{"level":"info","message":"✅ MongoDB Connected: ac-wofqtyj-shard-00-00.9f1a3ua.mongodb.net","timestamp":"2026-09-21T08:08:32.089Z"}
{"level":"info","message":"🚀 Server running on port 5000","timestamp":"2026-09-21T08:08:58.891Z"}
{"level":"info","message":"📡 Environment: development","timestamp":"2026-09-21T08:08:58.895Z"}
{"level":"info","message":"✅ MongoDB Connected: ac-wofqtyj-shard-00-00.9f1a3ua.mongodb.net","timestamp":"2026-09-21T08:08:59.653Z"}
{"level":"info","message":"🚀 Server running on port 5000","timestamp":"2026-09-21T08:15:06.164Z"}
{"level":"info","message":"📡 Environment: development","timestamp":"2026-09-21T08:15:06.168Z"}
{"level":"info","message":"✅ MongoDB Connected: ac-wofqtyj-shard-00-00.9f1a3ua.mongodb.net","timestamp":"2026-09-21T08:15:06.725Z"}
{"level":"info","message":"🚀 Server running on port 5000","timestamp":"2026-09-21T08:37:40.018Z"}
{"level":"info","message":"📡 Environment: development","timestamp":"2026-09-21T08:37:40.026Z"}
{"level":"info","message":"✅ MongoDB Connected: ac-wofqtyj-shard-00-00.9f1a3ua.mongodb.net","timestamp":"2026-09-21T08:37:40.549Z"}
{"level":"info","message":"🚀 Server running on port 5000","timestamp":"2026-09-21T08:42:42.627Z"}
{"level":"info","message":"📡 Environment: development","timestamp":"2026-09-21T08:42:42.633Z"}
{"level":"info","message":"✅ MongoDB Connected: ac-wofqtyj-shard-00-00.9f1a3ua.mongodb.net","timestamp":"2026-09-21T08:42:43.161Z"}
{"level":"info","message":"🚀 Server running on port 5000","timestamp":"2026-09-21T08:43:23.979Z"}
{"level":"info","message":"📡 Environment: development","timestamp":"2026-09-21T08:43:23.982Z"}
{"level":"info","message":"✅ MongoDB Connected: ac-wofqtyj-shard-00-00.9f1a3ua.mongodb.net","timestamp":"2026-09-21T08:43:24.492Z"}
{"level":"info","message":"🚀 Server running on port 5000","timestamp":"2026-09-21T08:44:01.300Z"}
{"level":"info","message":"📡 Environment: development","timestamp":"2026-09-21T08:44:01.304Z"}
{"level":"info","message":"✅ MongoDB Connected: ac-wofqtyj-shard-00-00.9f1a3ua.mongodb.net","timestamp":"2026-09-21T08:44:01.987Z"}
{"level":"info","message":"🚀 Server running on port 5000","timestamp":"2026-09-21T08:47:29.274Z"}
{"level":"info","message":"📡 Environment: development","timestamp":"2026-09-21T08:47:29.277Z"}
{"level":"info","message":"✅ MongoDB Connected: ac-wofqtyj-shard-00-00.9f1a3ua.mongodb.net","timestamp":"2026-09-21T08:47:29.936Z"}
{"level":"info","message":"🚀 Server running on port 5000","timestamp":"2026-09-21T08:56:39.663Z"}
{"level":"info","message":"📡 Environment: development","timestamp":"2026-09-21T08:56:39.667Z"}
{"level":"info","message":"✅ MongoDB Connected: ac-wofqtyj-shard-00-00.9f1a3ua.mongodb.net","timestamp":"2026-09-21T08:56:40.264Z"}
{"level":"info","message":"🚀 Server running on port 5000","timestamp":"2026-09-21T08:57:08.984Z"}
{"level":"info","message":"📡 Environment: development","timestamp":"2026-09-21T08:57:09.007Z"}
{"level":"info","message":"✅ MongoDB Connected: ac-wofqtyj-shard-00-00.9f1a3ua.mongodb.net","timestamp":"2026-09-21T08:57:09.802Z"}
{"level":"info","message":"🚀 Server running on port 5000","timestamp":"2026-09-21T09:01:26.586Z"}
{"level":"info","message":"📡 Environment: development","timestamp":"2026-09-21T09:01:26.589Z"}
{"level":"info","message":"✅ MongoDB Connected: ac-wofqtyj-shard-00-00.9f1a3ua.mongodb.net","timestamp":"2026-09-21T09:01:27.120Z"}
{"level":"info","message":"🚀 Server running on port 5000","timestamp":"2026-09-21T09:01:50.249Z"}
{"level":"info","message":"📡 Environment: development","timestamp":"2026-09-21T09:01:50.254Z"}
{"level":"info","message":"✅ MongoDB Connected: ac-wofqtyj-shard-00-00.9f1a3ua.mongodb.net","timestamp":"2026-09-21T09:01:50.782Z"}
{"level":"info","message":"🚀 Server running on port 5000","timestamp":"2026-09-21T09:03:07.354Z"}
{"level":"info","message":"📡 Environment: development","timestamp":"2026-09-21T09:03:07.358Z"}
{"level":"info","message":"✅ MongoDB Connected: ac-wofqtyj-shard-00-00.9f1a3ua.mongodb.net","timestamp":"2026-09-21T09:03:07.936Z"}
{"level":"info","message":"🚀 Server running on port 5000","timestamp":"2026-09-21T09:04:22.169Z"}
{"level":"info","message":"📡 Environment: development","timestamp":"2026-09-21T09:04:22.175Z"}
{"level":"info","message":"✅ MongoDB Connected: ac-wofqtyj-shard-00-00.9f1a3ua.mongodb.net","timestamp":"2026-09-21T09:04:22.699Z"}
{"level":"info","message":"🚀 Server running on port 5000","timestamp":"2026-09-21T09:04:33.202Z"}
{"level":"info","message":"📡 Environment: development","timestamp":"2026-09-21T09:04:33.206Z"}
{"level":"info","message":"✅ MongoDB Connected: ac-wofqtyj-shard-00-00.9f1a3ua.mongodb.net","timestamp":"2026-09-21T09:04:33.758Z"}
{"level":"info","message":"🚀 Server running on port 5000","timestamp":"2026-09-21T09:06:11.778Z"}
{"level":"info","message":"📡 Environment: development","timestamp":"2026-09-21T09:06:11.784Z"}
{"level":"info","message":"✅ MongoDB Connected: ac-wofqtyj-shard-00-00.9f1a3ua.mongodb.net","timestamp":"2026-09-21T09:06:12.287Z"}
{"level":"info","message":"🚀 Server running on port 5000","timestamp":"2026-09-21T09:07:12.382Z"}
{"level":"info","message":"📡 Environment: development","timestamp":"2026-09-21T09:07:12.386Z"}
{"level":"info","message":"✅ MongoDB Connected: ac-wofqtyj-shard-00-00.9f1a3ua.mongodb.net","timestamp":"2026-09-21T09:07:12.886Z"}
{"level":"error","message":"Auth error: jwt malformed","timestamp":"2026-09-21T09:09:51.424Z"}
{"level":"info","message":"🚀 Server running on port 5000","timestamp":"2026-09-21T09:13:55.199Z"}
{"level":"info","message":"📡 Environment: development","timestamp":"2026-09-21T09:13:55.203Z"}
{"level":"info","message":"✅ MongoDB Connected: ac-wofqtyj-shard-00-00.9f1a3ua.mongodb.net","timestamp":"2026-09-21T09:13:55.774Z"}
{"level":"info","message":"🚀 Server running on port 5000","timestamp":"2026-09-21T09:14:34.800Z"}
{"level":"info","message":"📡 Environment: development","timestamp":"2026-09-21T09:14:34.804Z"}
{"level":"info","message":"✅ MongoDB Connected: ac-wofqtyj-shard-00-00.9f1a3ua.mongodb.net","timestamp":"2026-09-21T09:14:35.301Z"}
{"level":"info","message":"🚀 Server running on port 5000","timestamp":"2026-09-21T09:14:57.951Z"}
{"level":"info","message":"📡 Environment: development","timestamp":"2026-09-21T09:14:57.956Z"}
{"level":"info","message":"✅ MongoDB Connected: ac-wofqtyj-shard-00-00.9f1a3ua.mongodb.net","timestamp":"2026-09-21T09:14:58.477Z"}
{"level":"info","message":"🚀 Server running on port 5000","timestamp":"2026-09-21T09:15:44.743Z"}
{"level":"info","message":"📡 Environment: development","timestamp":"2026-09-21T09:15:44.746Z"}
{"level":"info","message":"✅ MongoDB Connected: ac-wofqtyj-shard-00-00.9f1a3ua.mongodb.net","timestamp":"2026-09-21T09:15:45.245Z"}
{"level":"info","message":"🚀 Server running on port 5000","timestamp":"2026-09-21T11:06:23.021Z"}
{"level":"info","message":"📡 Environment: development","timestamp":"2026-09-21T11:06:23.027Z"}
{"level":"info","message":"🚀 Server running on port 5000","timestamp":"2026-09-22T06:54:04.090Z"}
{"level":"info","message":"📡 Environment: development","timestamp":"2026-09-22T06:54:04.094Z"}
{"level":"info","message":"✅ MongoDB Connected: ac-wofqtyj-shard-00-00.9f1a3ua.mongodb.net","timestamp":"2026-09-22T06:54:05.947Z"}
{"level":"info","message":"🚀 Server running on port 5000","timestamp":"2026-09-22T07:57:48.552Z"}
{"level":"info","message":"📡 Environment: development","timestamp":"2026-09-22T07:57:48.560Z"}
{"level":"info","message":"✅ MongoDB Connected: ac-wofqtyj-shard-00-00.9f1a3ua.mongodb.net","timestamp":"2026-09-22T07:57:49.212Z"}
{"level":"info","message":"🚀 Server running on port 5000","timestamp":"2026-09-22T07:57:55.664Z"}
{"level":"info","message":"📡 Environment: development","timestamp":"2026-09-22T07:57:55.674Z"}
{"level":"info","message":"✅ MongoDB Connected: ac-wofqtyj-shard-00-00.9f1a3ua.mongodb.net","timestamp":"2026-09-22T07:57:56.286Z"}
{"level":"warn","message":"⚠️ MongoDB disconnected, will reconnect on next request","timestamp":"2026-09-22T09:03:52.085Z"}
{"level":"info","message":"✅ MongoDB reconnected","timestamp":"2026-09-22T09:04:02.452Z"}
{"level":"warn","message":"⚠️ MongoDB disconnected, will reconnect on next request","timestamp":"2026-09-22T09:09:12.495Z"}
{"level":"info","message":"✅ MongoDB reconnected","timestamp":"2026-09-22T09:09:23.513Z"}
{"level":"info","message":"✅ MongoDB reconnected","timestamp":"2026-09-22T09:51:30.628Z"}
{"level":"info","message":"✅ MongoDB reconnected","timestamp":"2026-09-22T09:51:30.630Z"}
{"level":"warn","message":"⚠️ MongoDB disconnected, will reconnect on next request","timestamp":"2026-09-22T09:51:41.343Z"}
{"level":"info","message":"✅ MongoDB reconnected","timestamp":"2026-09-22T09:51:41.603Z"}
{"level":"info","message":"🚀 Server running on port 5000","timestamp":"2026-09-22T10:17:29.183Z"}
{"level":"info","message":"📡 Environment: development","timestamp":"2026-09-22T10:17:29.189Z"}
{"level":"info","message":"🚀 Server running on port 5000","timestamp":"2026-09-23T06:14:26.572Z"}
{"level":"info","message":"📡 Environment: development","timestamp":"2026-09-23T06:14:26.576Z"}
{"level":"info","message":"✅ MongoDB Connected: ac-wofqtyj-shard-00-00.9f1a3ua.mongodb.net","timestamp":"2026-09-23T06:14:27.155Z"}
{"level":"info","message":"🚀 Server running on port 5000","timestamp":"2026-09-24T05:49:35.498Z"}
{"level":"info","message":"📡 Environment: development","timestamp":"2026-09-24T05:49:35.505Z"}
{"level":"info","message":"✅ MongoDB Connected: ac-wofqtyj-shard-00-00.9f1a3ua.mongodb.net","timestamp":"2026-09-24T05:49:36.064Z"}
{"level":"info","message":"🚀 Server running on port 5000","timestamp":"2026-09-24T09:06:18.710Z"}
{"level":"info","message":"📡 Environment: development","timestamp":"2026-09-24T09:06:18.715Z"}
{"level":"info","message":"✅ MongoDB Connected: ac-wofqtyj-shard-00-00.9f1a3ua.mongodb.net","timestamp":"2026-09-24T09:06:19.413Z"}
{"level":"info","message":"🚀 Server running on port 5000","timestamp":"2026-09-24T09:15:23.394Z"}
{"level":"info","message":"📡 Environment: development","timestamp":"2026-09-24T09:15:23.400Z"}
{"level":"info","message":"✅ MongoDB Connected: ac-wofqtyj-shard-00-00.9f1a3ua.mongodb.net","timestamp":"2026-09-24T09:15:23.916Z"}
{"level":"info","message":"🚀 Server running on port 5000","timestamp":"2026-09-24T09:16:10.853Z"}
{"level":"info","message":"📡 Environment: development","timestamp":"2026-09-24T09:16:10.857Z"}
{"level":"info","message":"✅ MongoDB Connected: ac-wofqtyj-shard-00-00.9f1a3ua.mongodb.net","timestamp":"2026-09-24T09:16:11.360Z"}
{"level":"info","message":"🚀 Server running on port 5000","timestamp":"2026-09-24T09:16:43.925Z"}
{"level":"info","message":"📡 Environment: development","timestamp":"2026-09-24T09:16:43.929Z"}
{"level":"info","message":"✅ MongoDB Connected: ac-wofqtyj-shard-00-00.9f1a3ua.mongodb.net","timestamp":"2026-09-24T09:16:44.592Z"}
{"level":"info","message":"🚀 Server running on port 5000","timestamp":"2026-09-24T09:20:09.797Z"}
{"level":"info","message":"📡 Environment: development","timestamp":"2026-09-24T09:20:09.804Z"}
{"level":"info","message":"✅ MongoDB Connected: ac-wofqtyj-shard-00-00.9f1a3ua.mongodb.net","timestamp":"2026-09-24T09:20:10.998Z"}
{"level":"info","message":"🚀 Server running on port 5000","timestamp":"2026-09-25T06:18:30.294Z"}
{"level":"info","message":"📡 Environment: development","timestamp":"2026-09-25T06:18:30.304Z"}
{"level":"info","message":"✅ MongoDB Connected: ac-wofqtyj-shard-00-00.9f1a3ua.mongodb.net","timestamp":"2026-09-25T06:18:31.192Z"}
{"level":"info","message":"🚀 Server running on port 5000","timestamp":"2026-09-25T06:33:12.081Z"}
{"level":"info","message":"📡 Environment: development","timestamp":"2026-09-25T06:33:12.088Z"}
{"level":"info","message":"✅ MongoDB Connected: ac-wofqtyj-shard-00-00.9f1a3ua.mongodb.net","timestamp":"2026-09-25T06:33:12.586Z"}
{"level":"info","message":"🚀 Server running on port 5000","timestamp":"2026-09-25T06:39:54.523Z"}
{"level":"info","message":"📡 Environment: development","timestamp":"2026-09-25T06:39:54.528Z"}
{"level":"info","message":"✅ MongoDB Connected: ac-wofqtyj-shard-00-00.9f1a3ua.mongodb.net","timestamp":"2026-09-25T06:39:55.098Z"}
{"level":"info","message":"🚀 Server running on port 5000","timestamp":"2026-09-25T08:37:35.468Z"}
{"level":"info","message":"📡 Environment: development","timestamp":"2026-09-25T08:37:35.472Z"}
{"level":"info","message":"✅ MongoDB Connected: ac-wofqtyj-shard-00-00.9f1a3ua.mongodb.net","timestamp":"2026-09-25T08:37:36.036Z"}
{"level":"info","message":"🚀 Server running on port 5000","timestamp":"2026-09-25T10:42:47.467Z"}
{"level":"info","message":"📡 Environment: development","timestamp":"2026-09-25T10:42:47.477Z"}
{"level":"info","message":"✅ MongoDB Connected: ac-wofqtyj-shard-00-00.9f1a3ua.mongodb.net","timestamp":"2026-09-25T10:42:48.008Z"}
{"level":"info","message":"✅ MongoDB Connected: ac-wofqtyj-shard-00-00.9f1a3ua.mongodb.net","timestamp":"2026-09-25T10:42:48.007Z"}
{"level":"info","message":"🚀 Server running on port 5000","timestamp":"2026-09-26T06:07:06.591Z"}
{"level":"info","message":"📡 Environment: development","timestamp":"2026-09-26T06:07:06.598Z"}
{"level":"info","message":"✅ MongoDB Connected: ac-wofqtyj-shard-00-00.9f1a3ua.mongodb.net","timestamp":"2026-09-26T06:07:26.034Z"}
{"level":"info","message":"🚀 Server running on port 5000","timestamp":"2026-09-26T09:35:55.023Z"}
{"level":"info","message":"📡 Environment: development","timestamp":"2026-09-26T09:35:55.040Z"}
{"level":"info","message":"✅ MongoDB Connected: ac-wofqtyj-shard-00-00.9f1a3ua.mongodb.net","timestamp":"2026-09-26T09:35:55.645Z"}
{"level":"info","message":"🚀 Server running on port 5000","timestamp":"2026-09-26T09:36:01.876Z"}
{"level":"info","message":"📡 Environment: development","timestamp":"2026-09-26T09:36:01.884Z"}
{"level":"info","message":"✅ MongoDB Connected: ac-wofqtyj-shard-00-00.9f1a3ua.mongodb.net","timestamp":"2026-09-26T09:36:02.528Z"}
{"level":"info","message":"🚀 Server running on port 5000","timestamp":"2026-09-26T09:36:12.727Z"}
{"level":"info","message":"📡 Environment: development","timestamp":"2026-09-26T09:36:12.732Z"}
{"level":"info","message":"✅ MongoDB Connected: ac-wofqtyj-shard-00-00.9f1a3ua.mongodb.net","timestamp":"2026-09-26T09:36:13.307Z"}
{"level":"info","message":"🚀 Server running on port 5000","timestamp":"2026-09-26T09:42:29.797Z"}
{"level":"info","message":"📡 Environment: development","timestamp":"2026-09-26T09:42:29.802Z"}
{"level":"info","message":"✅ MongoDB Connected: ac-wofqtyj-shard-00-00.9f1a3ua.mongodb.net","timestamp":"2026-09-26T09:42:30.474Z"}
{"level":"info","message":"🚀 Server running on port 5000","timestamp":"2026-09-26T09:42:32.713Z"}
{"level":"info","message":"📡 Environment: development","timestamp":"2026-09-26T09:42:32.718Z"}
{"level":"info","message":"✅ MongoDB Connected: ac-wofqtyj-shard-00-00.9f1a3ua.mongodb.net","timestamp":"2026-09-26T09:42:33.287Z"}
{"level":"info","message":"🚀 Server running on port 5000","timestamp":"2026-09-26T09:43:02.223Z"}
{"level":"info","message":"📡 Environment: development","timestamp":"2026-09-26T09:43:02.230Z"}
{"level":"info","message":"✅ MongoDB Connected: ac-wofqtyj-shard-00-00.9f1a3ua.mongodb.net","timestamp":"2026-09-26T09:43:02.909Z"}
{"level":"info","message":"🚀 Server running on port 5000","timestamp":"2026-09-26T09:49:03.831Z"}
{"level":"info","message":"📡 Environment: development","timestamp":"2026-09-26T09:49:03.838Z"}
{"level":"info","message":"✅ MongoDB Connected: ac-wofqtyj-shard-00-00.9f1a3ua.mongodb.net","timestamp":"2026-09-26T09:49:05.349Z"}
{"level":"info","message":"🚀 Server running on port 5000","timestamp":"2026-09-26T09:49:12.920Z"}
{"level":"info","message":"📡 Environment: development","timestamp":"2026-09-26T09:49:12.925Z"}
{"level":"info","message":"✅ MongoDB Connected: ac-wofqtyj-shard-00-00.9f1a3ua.mongodb.net","timestamp":"2026-09-26T09:49:13.515Z"}
{"level":"info","message":"🚀 Server running on port 5000","timestamp":"2026-09-26T09:52:01.043Z"}
{"level":"info","message":"📡 Environment: development","timestamp":"2026-09-26T09:52:01.050Z"}
{"level":"info","message":"✅ MongoDB Connected: ac-wofqtyj-shard-00-00.9f1a3ua.mongodb.net","timestamp":"2026-09-26T09:52:01.691Z"}
{"level":"info","message":"🚀 Server running on port 5000","timestamp":"2026-09-26T09:54:15.256Z"}
{"level":"info","message":"📡 Environment: development","timestamp":"2026-09-26T09:54:15.267Z"}
{"level":"info","message":"✅ MongoDB Connected: ac-wofqtyj-shard-00-00.9f1a3ua.mongodb.net","timestamp":"2026-09-26T09:54:15.867Z"}
{"level":"info","message":"🚀 Server running on port 5000","timestamp":"2026-09-26T09:54:20.595Z"}
{"level":"info","message":"📡 Environment: development","timestamp":"2026-09-26T09:54:20.601Z"}
{"level":"info","message":"✅ MongoDB Connected: ac-wofqtyj-shard-00-00.9f1a3ua.mongodb.net","timestamp":"2026-09-26T09:54:21.215Z"}
{"level":"info","message":"🚀 Server running on port 5000","timestamp":"2026-09-26T09:54:35.416Z"}
{"level":"info","message":"📡 Environment: development","timestamp":"2026-09-26T09:54:35.422Z"}
{"level":"info","message":"✅ MongoDB Connected: ac-wofqtyj-shard-00-00.9f1a3ua.mongodb.net","timestamp":"2026-09-26T09:54:35.960Z"}
{"level":"info","message":"🚀 Server running on port 5000","timestamp":"2026-09-26T09:54:42.438Z"}
{"level":"info","message":"📡 Environment: development","timestamp":"2026-09-26T09:54:42.449Z"}
{"level":"info","message":"✅ MongoDB Connected: ac-wofqtyj-shard-00-00.9f1a3ua.mongodb.net","timestamp":"2026-09-26T09:54:43.042Z"}
{"level":"info","message":"🚀 Server running on port 5000","timestamp":"2026-09-26T10:05:13.023Z"}
{"level":"info","message":"📡 Environment: development","timestamp":"2026-09-26T10:05:13.032Z"}
{"level":"info","message":"✅ MongoDB Connected: ac-wofqtyj-shard-00-00.9f1a3ua.mongodb.net","timestamp":"2026-09-26T10:05:13.623Z"}
